0,0.077475
0.999801391,0.117225
1.999663306,0.1572625
2.999464696,0.1921125
3.999266086,0.2203875
4.999128001,0.2523875
5.999008999,0.2911875
6.99881039,0.3503
7.998672305,0.4323125
8.998473696,0.4650375
9.998275086,0.472625
10.998137,0.5181375
11.99793839,0.557
12.99773978,0.6027625
13.9976017,0.6491375
14.99740309,0.7086625
15.99728409,0.72315
16.997146,0.7085
17.99694739,0.6987125
18.99674878,0.7023375
19.9966107,0.677575
20.99641209,0.6081875
21.99621348,0.53905
22.99607539,0.5366375
23.99587678,0.5260875
24.99567817,0.5194375
25.99561969,0.52325
26.99542108,0.5135125
27.99522247,0.516425
28.99508439,0.517425
29.99488578,0.5221
30.99468717,0.507025
31.99454908,0.5040125
32.99435047,0.5188875
33.99415187,0.5251875
34.99401378,0.53465
35.99381517,0.547975
36.99369617,0.554775
37.99355808,0.5749375
38.99335947,0.589225
39.99316086,0.609725
40.99302278,0.61705
41.99282417,0.61735
42.99262556,0.62515
43.99248748,0.6673375
44.99228887,0.68235
45.99209026,0.714975
46.99203177,0.7142
47.99183316,0.73585
48.99163456,0.7642875
49.99149647,0.763325
50.99129786,0.75145
51.99109925,0.76215
52.99096117,0.7587
53.99076256,0.7538375
54.99056395,0.7488625
55.99042586,0.7389375
56.99030686,0.7304625
57.99010825,0.7425875
58.98997017,0.7294
59.98977156,0.7263375
60.98957295,0.7190375
61.98943486,0.7062125
62.98923625,0.6890875
63.98903764,0.673925
64.98883903,0.672325
65.98870095,0.6557
66.98858195,0.657625
67.98838334,0.6463
68.98824525,0.632725
69.98804664,0.6242
70.98784803,0.6164
71.98770995,0.612825
72.98751134,0.6071625
73.98731273,0.5910125
74.98717464,0.5829125
75.98697603,0.5645625
76.98677742,0.5477625
77.98671894,0.552125
78.98652033,0.5479625
79.98632172,0.550125
80.98618364,0.5450875
81.98598503,0.5502
82.98578642,0.5375625
83.98564834,0.54905
84.98544973,0.561675
85.98525112,0.5528125
86.98511303,0.5549375
87.98499403,0.56595
88.98479542,0.567475
89.98465733,0.562475
90.98445872,0.5568375
91.98426012,0.566425
92.98412203,0.570775
93.98392342,0.5756375
94.98372481,0.580775
95.98358673,0.579825
96.98338812,0.577675
97.98326911,0.587675
98.98313103,0.5850125
99.98293242,0.594675
100.9827338,0.5974
101.9825957,0.600675
102.9823971,0.582925
103.9821985,0.5888
104.9820604,0.5917625
105.9818618,0.5923
106.9816632,0.5755875
107.9815251,0.5866875
108.9814061,0.586875
109.9812075,0.5849625
110.9810694,0.59095
111.9808708,0.6019125
112.9806722,0.5849875
113.9805341,0.5940625
114.9803355,0.6026625
115.9801369,0.606275
116.9799988,0.6050375
117.9798002,0.6165375
118.9796812,0.62015
119.9795431,0.6079375
120.9793445,0.6063
121.9791459,0.605875
122.9790078,0.616425
123.9788092,0.616575
124.9786106,0.6292375
125.9784725,0.622925
126.9782739,0.627525
127.9780753,0.6296125
128.9780168,0.6294375
129.9778182,0.625375
130.9776196,0.61885
131.9774815,0.6296625
132.9772829,0.6379125
133.9770843,0.6362875
134.9769462,0.650925
135.9767476,0.67215
136.976549,0.7027
137.9764109,0.71795
138.9762123,0.7248125
139.9760933,0.7513875
140.9759552,0.788575
141.9757566,0.789
142.975558,0.8102375
143.9754199,0.840375
144.9752213,0.8820125
145.9750227,0.9299125
146.9748846,0.9575
147.974686,0.9948125
148.9744874,1.0492
149.9744289,1.091775
150.9742303,1.08135
151.9740317,1.1034125
152.9738936,1.1127625
153.973695,1.1424875
154.9734964,1.137125
155.9733583,1.1281625
156.9731597,1.1295625
157.9729611,1.107925
158.972823,1.112725
159.972704,1.12935
160.9725054,1.121675
161.9723673,1.12325
162.9721687,1.1190375
163.9719701,1.15645
164.971832,1.1430875
165.9716334,1.1521875
166.9714348,1.185525
167.9712967,1.2587625
168.9710981,1.361125
169.9709791,1.4169
170.970841,1.459225
171.9706424,1.5304625
172.9704438,1.5519625
173.9703057,1.574675
174.9701071,1.6552875
175.9699085,1.7092875
176.9697704,1.7501
177.9695718,1.7635875
178.9693732,1.74055
179.9692351,1.7391625
180.9691161,1.709575
181.9689175,1.6538125
182.9687794,1.5907125
183.9685808,1.5683625
184.9683822,1.5574
185.9682441,1.5110625
186.9680455,1.4174
187.9678468,1.3175
188.9677088,1.294175
189.9675102,1.2876375
190.9673912,1.29045
191.9672531,1.2911625
192.9670545,1.33455
193.9668558,1.39265
194.9666572,1.400525
195.9665192,1.3905125
196.9663205,1.3970625
197.9661219,1.4079125
198.9659838,1.403325
199.9657852,1.3726125
200.9656662,1.3545125
201.9655282,1.346225
202.9653295,1.335825
203.9651309,1.3436875
204.9649928,1.3531625
205.9647942,1.33505
206.9645956,1.3274625
207.9644575,1.301575
208.9642589,1.2999375
209.9640603,1.3269
210.9639222,1.3418625
211.9638032,1.3463875
212.9636046,1.3454125
213.9634665,1.3215125
214.9632679,1.3128
215.9630693,1.2990625
216.9629312,1.3015875
217.9627326,1.33225
218.962534,1.339225
219.9623959,1.3406625
220.9621973,1.33095
221.9620783,1.3279125
222.9619402,1.3179125
223.9617416,1.28545
224.961543,1.260025
225.9614049,1.2362875
226.9612063,1.19235
227.9610077,1.17885
228.9608696,1.1716625
229.960671,1.176
230.9604724,1.169475
231.9604139,1.15125
232.9602153,1.1329125
233.9600167,1.1098375
234.9598786,1.0877875
235.95968,1.075075
236.9594814,1.118175
237.9593433,1.1222
238.9591447,1.102225
239.9589461,1.0957125
240.958808,1.0833125
241.9586094,1.1131375
242.9584904,1.1505875
243.9583523,1.1629
244.9581537,1.1458875
245.9579551,1.118
246.957817,1.0894
247.9576184,1.0831375
248.9574198,1.1399625
249.9572817,1.1846
250.9570831,1.242625
251.9568845,1.2855625
252.956826,1.3524
253.9566274,1.3780875
254.9564288,1.4194625
255.9562907,1.4115375
256.9560921,1.3705875
257.9558935,1.3797875
258.9557554,1.386325
259.9555568,1.35915
260.9553582,1.348825
261.9552201,1.3544875
262.9551011,1.4219875
263.9549025,1.5002125
264.9547644,1.568925
265.9545658,1.600525
266.9543672,1.6043125
267.9542291,1.6119875
268.9540305,1.5975125
269.9538319,1.587725
270.9536938,1.5514625
271.9534952,1.5472125
272.9532966,1.51525
273.9532381,1.4797625
274.9530395,1.4337375
275.9528409,1.4070875
276.9527028,1.3929125
277.9525042,1.4012
278.9523056,1.394375
279.9521675,1.40555
280.9519689,1.3868375
281.9517703,1.3458
282.9516322,1.3242875
283.9515132,1.3123125
284.9513146,1.3103875
285.9511765,1.308475
286.9509779,1.3170625
287.9507793,1.3420875
288.9506412,1.3758125
289.9504426,1.4027625
290.950244,1.3873625
291.9501059,1.3609125
292.9499073,1.3765875
293.9497883,1.3612625
294.9496502,1.3583625
295.9494516,1.3800875
296.949253,1.370225
297.9491149,1.352375
298.9489163,1.3291875
299.9487177,1.31565
300.9485796,1.2726875
301.948381,1.2434125
302.9481824,1.25475
303.9481239,1.2359625
304.9479253,1.2247875
305.9477267,1.2448625
306.9475886,1.2520125
307.94739,1.2492125
308.9471914,1.2277
309.9470533,1.2131125
310.9468547,1.21485
311.946656,1.2443875
312.946518,1.2337
313.9463194,1.2103625
314.9462004,1.213375
315.9460623,1.2040125
316.9458637,1.245225
317.945665,1.30305
318.945527,1.349875
319.9453284,1.3984625
320.9451297,1.4421
321.9449917,1.4531
322.944793,1.502575
323.9445944,1.5187125
324.9444754,1.490975
325.9443374,1.4949125
326.9441387,1.4917375
327.9439401,1.450475
328.943802,1.4525625
329.9436034,1.4335125
330.9434048,1.4256375
331.9432667,1.4030125
332.9430681,1.4117375
333.9428695,1.418225
334.942811,1.37245
335.9426124,1.3368875
336.9424138,1.340925
337.9422757,1.336725
338.9420771,1.33885
339.9418785,1.3413
340.9417404,1.3280125
341.9415418,1.304025
342.9413432,1.2730125
343.9412051,1.275775
344.9410065,1.2797125
345.9408875,1.2365875
346.9407494,1.237625
347.9405508,1.2152125
348.9403522,1.2197875
349.9402141,1.2118375
350.9400155,1.2040375
351.9398169,1.2013875
352.9396788,1.233525
353.9394802,1.2940875
354.9392816,1.348775
355.9392231,1.393175
356.9390245,1.4473625
357.9388259,1.4874875
358.9386878,1.4828125
359.9384892,1.47395
360.9382906,1.4991125
361.9381525,1.5482125
362.9379539,1.53055
363.9377553,1.5257125
364.9376172,1.514
365.9374982,1.5062
366.9372996,1.500575
367.9371615,1.5138375
368.9369629,1.5262
369.9367643,1.5297375
370.9366262,1.5038375
371.9364276,1.4356375
372.936229,1.401375
373.9360909,1.3565
374.9358923,1.356625
375.9356937,1.377125
376.9356352,1.368825
377.9354366,1.381325
378.935238,1.393875
379.9350999,1.3923875
380.9349013,1.402475
381.9347027,1.4181375
382.9345646,1.431625
383.934366,1.4748
384.9341674,1.538125
385.9340293,1.55745
386.9339103,1.5270375
387.9337117,1.50995
388.9335736,1.4820875
389.933375,1.41325
390.9331764,1.318175
391.9330383,1.293125
392.9328397,1.3205
393.9326411,1.356175
394.932503,1.3200125
395.9323044,1.2913625
396.9321854,1.2594
397.9320473,1.2292125
398.9318487,1.1965875
399.9316501,1.16775
400.931512,1.13995
401.9313134,1.1158625
402.9311148,1.084375
403.9309767,1.0526
404.9307781,1.03955
405.9305795,1.0328125
406.930521,1.059825
407.9303224,1.14255
408.9301238,1.248375
409.9299857,1.32465
410.9297871,1.362975
411.9295885,1.4098375
412.9294504,1.45705
413.9292518,1.475975
414.9290532,1.5440125
415.9289151,1.5966875
416.9287165,1.624375
417.9285975,1.62865
418.9284594,1.602
419.9282608,1.5795375
420.9280622,1.568725
421.9279241,1.5197
422.9277255,1.525025
423.9275269,1.5074375
424.9273888,1.509475
425.9271902,1.5186625
426.9269915,1.5129875
427.9269331,1.501775
428.9267345,1.5022375
429.9265358,1.4686
430.9263978,1.4521625
431.9261992,1.4308875
432.9260005,1.4087125
433.9258625,1.4056375
434.9256639,1.4216125
435.9254652,1.4139375
436.9253272,1.387225
437.9252082,1.3522375
438.9250095,1.3309375
439.9248715,1.294075
440.9246729,1.277125
441.9244742,1.2764625
442.9243362,1.2745125
443.9241375,1.2439125
444.9239389,1.21465
445.9238009,1.1818375
446.9236022,1.1739125
447.9234036,1.1695875
448.9233452,1.1234125
449.9231465,1.0866125
450.9229479,1.0927875
451.9227493,1.0767625
452.9226112,1.07905
453.9224126,1.0865625
454.922214,1.0828375
455.9220759,1.071075
456.9218773,1.061375
457.9216787,1.078475
458.9216202,1.1039625
459.9214216,1.1045875
460.921223,1.097825
461.9210849,1.1217125
462.9208863,1.15355
463.9206877,1.1764375
464.9205496,1.2175125
465.920351,1.2510375
466.9201524,1.280675
467.9200143,1.3213625
468.9198953,1.3759375
469.9196967,1.423775
470.9195586,1.458775
471.91936,1.493225
472.9191614,1.5470875
473.9190233,1.567875
474.9188247,1.6074375
475.9186261,1.65575
476.918488,1.695775
477.9182894,1.746875
478.9180908,1.8341
479.9180323,1.9012625
480.9178337,1.9199
481.9176351,1.9144625
482.917497,1.9155125
483.9172984,1.89475
484.9170998,1.8697
485.9169617,1.8058375
486.9167631,1.749925
487.9165645,1.6903625
488.9164264,1.67075
489.9163074,1.6987375
490.9161088,1.75175
491.9159707,1.83995
492.9157721,1.9266375
493.9155735,2.0115
494.9154354,2.1353375
495.9152368,2.216425
496.9150382,2.268625
497.9149001,2.25975
498.9147015,2.22
499.9145825,2.1772375
500.9144444,2.1328125
501.9142458,2.0862875
502.9140472,2.0191875
503.9139091,1.936825
504.9137105,1.8523625
505.9135119,1.808325
506.9133738,1.7961875
507.9131752,1.7854875
508.9129766,1.79385
509.9129181,1.7874625
510.9127195,1.7742625
511.9125209,1.7436
512.9123828,1.6921125
513.9121842,1.6385125
514.9119856,1.6026625
515.9118475,1.603425
516.9116489,1.6733625
517.9114503,1.6957
518.9113122,1.7369125
519.9111136,1.7513625
520.9109946,1.731975
521.9108565,1.7054375
522.9106579,1.6512875
523.9104593,1.60235
524.9103212,1.6021
525.9101226,1.6097875
526.909924,1.615025
527.9097859,1.63665
528.9095873,1.6593
529.9093887,1.682475
530.9093302,1.6702625
531.9091316,1.58705
532.908933,1.552575
533.9087949,1.4982125
534.9085963,1.4294
535.9083977,1.334325
536.9082596,1.268225
537.908061,1.2203625
538.9078623,1.194175
539.9077243,1.1683375
540.9076053,1.155725
541.9074067,1.1201625
542.9072686,1.08585
543.90707,1.0366875
544.9068713,1.011
545.9067333,0.9684125
546.9065347,0.9532875
547.906336,0.901975
548.906198,0.8820875
549.9059993,0.853375
550.9058007,0.835625
551.9057423,0.8106625
552.9055436,0.8006125
553.905345,0.8048375
554.905207,0.7919625
555.9050083,0.7881625
556.9048097,0.7713
557.9046717,0.767525
558.904473,0.76345
559.9042744,0.75585
560.9041363,0.75095
561.9040173,0.752125
562.9038187,0.7420625
563.9036807,0.7562625
564.903482,0.757025
565.9032834,0.7541375
566.9031453,0.7565375
567.9029467,0.7504625
568.9027481,0.7499375
569.90261,0.7552875
570.9024114,0.7635875
571.9022924,0.7649375
572.9021543,0.7691
573.9019557,0.7907125
574.9017571,0.81135
575.901619,0.8205625
576.9014204,0.839975
577.9012218,0.889425
578.9010837,0.9133875
579.9008851,0.9476
580.9006865,1.0033625
581.9004879,1.0401625
582.9004294,1.0808125
583.9002308,1.10785
584.9000322,1.09645
585.8998941,1.1023125
586.8996955,1.117625
587.8994969,1.1523125
588.8993588,1.1898375
589.8991602,1.2365
590.8989616,1.296575
591.8988235,1.334875
592.8987045,1.3867375
593.8985059,1.4740875
594.8983678,1.5929375
595.8981692,1.6734125
596.8979706,1.746825
597.8978325,1.82005
598.8976339,1.924275
599.8974353,2.0057
600.8972972,2.0821625
601.8970986,2.1235
602.8969796,2.1451625
603.8968415,2.1657375
604.8966429,2.170675
605.8964443,2.144475
606.8963062,2.126975
607.8961076,2.0554625
608.895909,1.96065
609.8957709,1.874375
610.8955723,1.815025
611.8953737,1.7029875
612.8952356,1.5887875
613.8951166,1.4923625
614.894918,1.4030625
615.8947799,1.3283125
616.8945813,1.26885
617.8943827,1.2251
618.8942446,1.1787875
619.894046,1.125975
620.8938474,1.086575
621.8937093,1.0295125
622.8935107,0.972375
623.8933917,0.92975
624.8932536,0.894225
625.893055,0.847675
626.8928564,0.8505625
627.8927183,0.8593875
628.8925197,0.85575
629.8923211,0.8547375
630.892183,0.851275
631.8919844,0.866425
632.8917858,0.8834
633.8917273,0.877575
634.8915287,0.8429
635.8913301,0.8166
636.891192,0.822375
637.8909934,0.8246
638.8907948,0.812075
639.8906567,0.7921375
640.8904581,0.8053875
641.8902595,0.806225
642.8901214,0.7988375
643.8900024,0.7978625
644.8898038,0.8031875
645.8896657,0.7963875
646.8894671,0.7977125
647.8892685,0.806225
648.8891304,0.8005
649.8889318,0.7816875
650.8887332,0.78245
651.8885951,0.79435
652.8883965,0.789625
653.8881979,0.7830875
654.8881394,0.77495
655.8879408,0.76265
656.8877422,0.7739875
657.8876041,0.7747125
658.8874055,0.7863625
659.8872069,0.7889625
660.8870688,0.77855
661.8868702,0.79005
662.8866715,0.7868375
663.8865335,0.7650375
664.8864145,0.73435
665.8862159,0.716525
666.8860778,0.7413375
667.8858792,0.7342125
668.8856805,0.7376125
669.8855425,0.725575
670.8853439,0.720175
671.8851452,0.7462
672.8850072,0.7547625
673.8848085,0.740925
674.8846895,0.7467875
675.8845515,0.750025
676.8843529,0.765675
677.8841542,0.760225
678.8840162,0.7616625
679.8838175,0.7557375
680.8836189,0.7624875
681.8834809,0.7582125
682.8832822,0.7563125
683.8830836,0.75805
684.8829456,0.770925
685.8828265,0.7648125
686.8826279,0.7643375
687.8824899,0.7592125
688.8822912,0.75235
689.8820926,0.7498375
690.8819546,0.757375
691.8817559,0.7555
692.8815573,0.7792625
693.8814192,0.7845
694.8812206,0.773075
695.8811016,0.76805
696.8809636,0.7606375
697.8807649,0.7608625
698.8805663,0.7567375
699.8804282,0.7615875
700.8802296,0.7573
701.880031,0.7691875
702.8798929,0.7722125
703.8796943,0.7687125
704.8794957,0.768375
705.8794372,0.7650875
706.8792386,0.765475
707.87904,0.7730875
708.8789019,0.7679375
709.8787033,0.7615125
710.8785047,0.765175
711.8783061,0.758225
712.878168,0.7586125
713.8779694,0.7556375
714.8777708,0.760475
715.8776327,0.7743625
716.8775137,0.777975
717.8773151,0.7706875
718.877177,0.7752375
719.8769784,0.7840375
720.8767798,0.7745625
721.8766417,0.796625
722.8764431,0.8019625
723.8762445,0.7943
724.8761064,0.8034625
725.8759078,0.80965
726.8757888,0.8103625
727.8756507,0.8103125
728.8754521,0.8077125
729.8752535,0.8085625
730.8751154,0.8183
731.8749168,0.828175
732.8747182,0.8577125
733.8745801,0.8810375
734.8743815,0.905325
735.8741829,0.9152
736.8741244,0.9258
737.8739258,0.918525
738.8737272,0.90675
739.8735891,0.8999875
740.8733905,0.8947875
741.8731919,0.8958125
742.8730538,0.90165
743.8728552,0.9267875
744.8726566,0.9391375
745.8725185,0.937675
746.8723995,0.94365
747.8722009,0.9735375
748.8720628,0.9907625
749.8718642,0.9977625
750.8716656,1.0274125
751.8715275,1.0750875
752.8713289,1.1140625
753.8711303,1.153825
754.8709922,1.2075625
755.8707936,1.2419375
756.870595,1.2890125
757.8705365,1.3236375
758.8703379,1.35955
759.8701393,1.406125
760.8700012,1.4481125
761.8698026,1.472225
762.869604,1.47995
763.8694659,1.4649125
764.8692673,1.45865
765.8690687,1.427975
766.8689306,1.3627625
767.8688116,1.3211
768.868613,1.2742
769.8684749,1.2323875
770.8682763,1.2142125
771.8680777,1.23325
772.8679396,1.27085
773.867741,1.298425
774.8675424,1.3228125
775.8674043,1.3469875
776.8672057,1.3780375
777.8670867,1.4043875
778.8669486,1.44265
779.86675,1.4696875
780.8665514,1.5082375
781.8664133,1.5525
782.8662147,1.57255
783.8660161,1.5674875
784.865878,1.551925
785.8656794,1.5359625
786.8654808,1.5144625
787.8653427,1.5125375
788.8652237,1.49525
789.8650251,1.489975
790.864887,1.47885
791.8646884,1.4456875
792.8644898,1.388475
793.8643517,1.3120125
794.8641531,1.2261375
795.8639544,1.1689875
796.8638164,1.1146375
797.8636178,1.081375
798.8634988,1.0395
799.8633607,0.9836875
800.8631621,0.963025
801.8629634,0.9447
802.8628254,0.91385
803.8626268,0.90715
804.8624281,0.9098375
805.8622901,0.8878625
806.8620914,0.8849375
807.8618928,0.884725
808.8618344,0.887775
809.8616357,0.8816375
810.8614371,0.8938625
811.8612991,0.8838625
812.8611004,0.892175
813.8609018,0.884025
814.8607638,0.88595
815.8605651,0.8706625
816.8603665,0.8939
817.8602284,0.8996875
818.8600298,0.9097125
819.8599108,0.9405375
820.8597728,0.9552
821.8595741,0.96105
822.8593755,0.9661375
823.8592374,0.9658
824.8590388,0.9833
825.8588402,1.0092125
826.8587021,1.0251375
827.8585035,1.036825
828.8583049,1.052525
829.8582464,1.0720125
830.8580478,1.0984625
831.8578492,1.1192875
832.8577111,1.13595
833.8575125,1.162825
834.8573139,1.1931375
835.8571758,1.22185
836.8569772,1.2511375
837.8567786,1.2654125
838.85658,1.268825
839.8565215,1.2806125
840.8563229,1.2808625
841.8561243,1.2760125
842.8559862,1.262175
843.8557876,1.2591
844.855589,1.27145
845.8554509,1.2808625
846.8552523,1.2855375
847.8550537,1.28975
848.8549156,1.298075
849.8547966,1.2802875
850.854598,1.28335
851.8544599,1.3079
852.8542613,1.3592625
853.8540627,1.426875
854.8539246,1.4940875
855.853726,1.5460875
856.8535274,1.589475
857.8533893,1.6274625
858.8531907,1.6763625
859.8529921,1.7082125
860.8529336,1.75145
861.852735,1.8068875
862.8525364,1.8600875
863.8523983,1.94695
864.8521997,2.0690625
865.8520011,2.18135
866.851863,2.2831625
867.8516644,2.4027375
868.8514658,2.52845
869.8513277,2.668775
870.8512087,2.8114125
871.8510101,2.96165
872.850872,3.0794875
873.8506734,3.1361875
874.8504748,3.1439625
875.8503367,3.1153625
876.8501381,3.09875
877.8499395,3.0143125
878.8498014,2.8744
879.8496028,2.715825
880.8494838,2.55005
881.8493457,2.4112
882.8491471,2.2497
883.8489485,2.1101375
884.8488104,1.984175
885.8486118,1.8867625
886.8484132,1.83745
887.8482751,1.7940375
888.8480765,1.75
889.8478779,1.7251875
890.8477398,1.651975
891.8476208,1.5701625
892.8474222,1.5219
893.8472841,1.509825
894.8470855,1.5532375
895.8468869,1.6086625
896.8467488,1.676975
897.8465502,1.7336375
898.8463516,1.786775
899.8462135,1.8694625
900.8460149,1.9421
901.8458959,2.0437625
902.8457578,2.0981125
903.8455592,2.110325
904.8453606,2.12875
905.8452225,2.156425
906.8450239,2.1596
907.8448253,2.1451
908.8446872,2.1037375
909.8444886,2.0501
910.84429,1.993625
911.8442315,1.977925
912.8440329,1.9671875
913.8438343,1.95745
914.8436962,1.919025
915.8434976,1.9157125
916.8432989,1.890275
917.8431609,1.8636625
918.8429623,1.8354375
919.8427636,1.824625
920.8426256,1.8157375
921.8424269,1.7969375
922.8423079,1.7633875
923.8421699,1.7282375
924.8419713,1.6844125
925.8417726,1.656125
926.8416346,1.6368625
927.8414359,1.6015125
928.8412373,1.5872125
929.8410993,1.55575
930.8409006,1.5381625
931.840702,1.5078625
932.8406436,1.4590875
933.8404449,1.396025
934.8402463,1.344075
935.8401082,1.276175
936.8399096,1.2176
937.839711,1.2003875
938.8395729,1.1507625
939.8393743,1.1110625
940.8391757,1.087725
941.8390376,1.0730125
942.8389186,1.0599375
943.83872,1.047025
944.8385819,1.030025
945.8383833,1.0217125
946.8381847,1.0029
947.8380466,0.9798625
948.837848,0.965775
949.8376494,0.9532875
950.8375113,0.9513125
951.8373127,0.9638375
952.8371937,0.983425
953.8370556,1.0191125
954.836857,1.0545375
955.8366584,1.0562375
956.8365203,1.0496375
957.8363217,1.064125
958.8361231,1.074275
959.835985,1.0701625
960.8357864,1.0872625
961.8355878,1.1036625
962.8354497,1.1038875
963.8353307,1.1179
964.8351321,1.11305
965.834994,1.088475
966.8347954,1.0422
967.8345968,0.9979375
968.8343982,0.9414875
969.8342601,0.88925
970.8340615,0.8651
971.8338629,0.854525
972.8337248,0.8423625
973.8336058,0.812125
974.8334072,0.82015
975.8332691,0.7756
976.8330705,0.7767125
977.8328719,0.79805
978.8327338,0.796875
979.8325352,0.7973
980.8323366,0.8128875
981.8321985,0.81735
982.8319999,0.8202125
983.8318809,0.820525
984.8317428,0.8367625
985.8315442,0.8375375
986.8313456,0.8538375
987.8312075,0.8906875
988.8310089,0.915125
989.8308103,0.9366875
990.8306722,0.940775
991.8304736,0.9353
992.830275,0.9225
993.8301369,0.918025
994.8300179,0.92715
995.8298193,0.930675
996.8296812,0.9224
997.8294826,0.9056625
998.829284,0.869925
999.8291459,0.8929875
1000.828947,0.914875
1001.828749,0.9107375
1002.828611,0.8988
1003.828412,0.905275
1004.828293,0.905325
1005.828155,0.8977375
1006.827956,0.906
1007.827758,0.925825
1008.82762,0.9363
1009.827421,0.9548625
1010.827222,0.95785
1011.827084,0.9586125
1012.826886,0.94865
1013.826687,0.964425
1014.826629,0.9726875
1015.82643,0.9577625
1016.826231,0.975575
1017.826093,0.9641625
1018.825895,0.94545
1019.825696,0.9496875
1020.825558,0.938525
1021.825359,0.9259375
1022.825161,0.9526875
1023.825023,0.9449125
1024.824824,0.9547875
1025.824705,0.9533875
1026.824567,0.9206375
1027.824368,0.9345625
1028.82417,0.9150125
1029.824032,0.895825
1030.823833,0.8787
1031.823634,0.8576625
1032.823496,0.8346
1033.823298,0.8338125
1034.823099,0.826025
1035.823041,0.8091625
1036.822842,0.7883375
1037.822643,0.78475
1038.822505,0.791825
1039.822307,0.7608875
1040.822108,0.719025
1041.82197,0.69435
1042.821771,0.683225
1043.821573,0.67095
1044.821435,0.658075
1045.821316,0.618175
1046.821117,0.5912125
1047.820979,0.5561375
1048.82078,0.5387625
1049.820582,0.531925
1050.820444,0.525
1051.820245,0.5118375
1052.820047,0.4953125
1053.819908,0.4870875
1054.81971,0.4750875
1055.819511,0.4712125
1056.819453,0.46365
1057.819254,0.455925
1058.819056,0.4591375
1059.818917,0.4587875
1060.818719,0.4615375
1061.81852,0.4703125
1062.818382,0.48735
1063.818184,0.484425
1064.817985,0.48235
1065.817847,0.4828125
1066.817728,0.493175
1067.817529,0.5035625
1068.817391,0.5121875
1069.817193,0.51675
1070.816994,0.5272125
1071.816856,0.533825
1072.816657,0.534775
1073.816459,0.5282625
1074.816321,0.5218875
1075.816122,0.5272625
1076.816003,0.5356375
1077.815865,0.548925
1078.815666,0.5543375
1079.815468,0.564375
1080.81533,0.574675
1081.815131,0.5761125
1082.814932,0.5914125
1083.814794,0.603475
1084.814596,0.619375
1085.814397,0.6370375
1086.814339,0.6535875
1087.81414,0.69365
1088.813941,0.7259125
1089.813803,0.75065
1090.813605,0.7790125
1091.813406,0.8021875
1092.813268,0.8119
1093.813069,0.8326625
1094.812871,0.8411875
1095.812733,0.8251
1096.812534,0.82825
1097.812415,0.8362875
1098.812216,0.8741375
1099.812078,0.927425
1100.81188,0.9410375
1101.811681,0.94325
1102.811543,0.9573625
1103.811344,0.9836625
1104.811146,1.0107125
1105.811008,1.0197125
1106.810809,1.0336375
1107.81069,1.0526
1108.810552,1.0481
1109.810353,1.030725
1110.810155,1.0086625
1111.810017,0.9495
1112.809818,0.8913375
1113.809619,0.8730875
1114.809481,0.8484375
1115.809283,0.7709
1116.809084,0.7058125
1117.809026,0.6472
1118.808827,0.6239625
1119.808628,0.6170625
1120.80849,0.5935375
1121.808292,0.5712
1122.808093,0.5682375
1123.807955,0.560975
1124.807756,0.54665
1125.807558,0.5526625
1126.80742,0.5422875
1127.807221,0.53625
1128.807102,0.5347
1129.806964,0.5292125
1130.806765,0.526775
1131.806567,0.5246375
1132.806429,0.5067375
1133.80623,0.4975875
1134.806032,0.4927625
1135.805893,0.4812
1136.805695,0.470975
1137.805496,0.46715
1138.805438,0.4578875
1139.805239,0.4465375
1140.805041,0.4286875
1141.804902,0.41925
1142.804704,0.4182625
1143.804505,0.4042125
1144.804367,0.3963375
1145.804169,0.3926875
1146.80397,0.37545
1147.803832,0.3778875
1148.803713,0.3795875
1149.803514,0.3903125
1150.803376,0.379575
1151.803178,0.37645
1152.802979,0.3813125
1153.802841,0.3802625
1154.802642,0.3788125
1155.802444,0.383
1156.802306,0.38625
1157.802107,0.3868125
1158.801908,0.38755
1159.80185,0.3883125
1160.801651,0.389025
1161.801453,0.3898
1162.801315,0.3906875
1163.801116,0.391425
1164.800917,0.3921375
1165.800779,0.39265
1166.800581,0.39315
1167.800382,0.3937125
1168.800244,0.3945375
1169.800125,0.3956375
1170.799926,0.3911375
1171.799788,0.393925
1172.79959,0.3840375
1173.799391,0.3612125
1174.799253,0.3805875
1175.799054,0.40755
1176.798856,0.4158625
1177.798718,0.4327375
1178.798519,0.436775
1179.7984,0.4434625
1180.798262,0.452525
1181.798063,0.4617375
1182.797865,0.4741625
1183.797727,0.479625
1184.797528,0.4949625
1185.797329,0.4925375
1186.797191,0.5061875
1187.796993,0.5271125
1188.796794,0.5449125
1189.796736,0.5533875
1190.796537,0.5885125
1191.796338,0.618925
1192.7962,0.6483625
1193.796002,0.6546
1194.795803,0.6745375
1195.795665,0.679525
1196.795466,0.6923
1197.795268,0.709825
1198.79513,0.7266125
1199.794931,0.7343
1200.794812,0.7840125
1201.794674,0.81875
1202.794475,0.8585
1203.794277,0.8570875
1204.794139,0.8461375
1205.79394,0.865625
1206.793742,0.8814625
1207.793603,0.884625
1208.793405,0.8926125
1209.793206,0.9417125
1210.793148,0.9781875
1211.792949,1.0000625
1212.792751,1.0093
1213.792612,1.0541125
1214.792414,1.10375
1215.792215,1.1371375
1216.792077,1.1666875
1217.791879,1.1839875
1218.79168,1.175875
1219.791542,1.1915375
1220.791423,1.198225
1221.791224,1.17295
1222.791086,1.15325
1223.790888,1.1211125
1224.790689,1.06905
1225.79049,1.034875
1226.790352,1.009525
1227.790154,0.99725
1228.789955,0.9806
1229.789817,0.9808375
1230.789618,0.9826375
1231.789499,0.984625
1232.789361,0.982875
1233.789163,1.0041125
1234.788964,0.9829875
1235.788826,0.944225
1236.788627,0.939125
1237.788429,0.9287625
1238.788291,0.9325375
1239.788092,0.9190375
1240.787893,0.9134875
1241.787835,0.9059
1242.787636,0.9067375
1243.787438,0.9142625
1244.7873,0.916775
1245.787101,0.89955
1246.786902,0.9018625
1247.786764,0.8979875
1248.786566,0.8907875
1249.786367,0.8692
1250.786229,0.863975
1251.78611,0.84685
1252.785911,0.8449375
1253.785773,0.839725
1254.785575,0.836875
1255.785376,0.829625
1256.785238,0.8283375
1257.785039,0.8264125
1258.784841,0.831575
1259.784703,0.82755
1260.784504,0.8298125
1261.784305,0.8350125
1262.784247,0.831525
1263.784048,0.8346125
1264.78385,0.8261
1265.783712,0.822
1266.783513,0.8228125
1267.783314,0.8302625
1268.783176,0.82555
1269.782978,0.8210625
1270.782779,0.8255375
1271.782641,0.8303625
1272.782522,0.827475
1273.782323,0.838325
1274.782185,0.8324375
1275.781987,0.8398875
1276.781788,0.8430625
1277.78165,0.82645
1278.781451,0.8256125
1279.781253,0.8294125
1280.781115,0.837225
1281.780916,0.8353125
1282.780797,0.8331375
1283.780659,0.8365125
1284.78046,0.8346625
1285.780262,0.835525
1286.780124,0.8377
1287.779925,0.841
1288.779727,0.8529
1289.779588,0.8667625
1290.77939,0.8786125
1291.779191,0.89045
1292.779133,0.8904125
1293.778934,0.8826
1294.778736,0.896375
1295.778597,0.9033375
1296.778399,0.9125375
1297.7782,0.9243375
1298.778062,0.9220625
1299.777864,0.9343875
1300.777665,0.9296875
1301.777527,0.9235875
1302.777328,0.9195625
1303.777209,0.9192625
1304.777071,0.910975
1305.776873,0.90785
1306.776674,0.9172
1307.776536,0.9230625
1308.776337,0.887425
1309.776139,0.8835875
1310.776001,0.867025
1311.775802,0.874825
1312.775603,0.86385
1313.775545,0.869025
1314.775346,0.8659625
1315.775148,0.9032
1316.77501,0.924925
1317.774811,0.9380375
1318.774612,0.9382625
1319.774474,0.9532875
1320.774276,0.9538125
1321.774077,0.956325
1322.773939,0.9699125
1323.77382,0.972175
1324.773621,0.959425
1325.773483,0.940875
1326.773285,0.9407625
1327.773086,0.9600625
1328.772948,0.9683
1329.772749,0.9759375
1330.772551,0.9767625
1331.772413,0.962175
1332.772214,0.95095
1333.772015,0.9575
1334.771957,0.956175
1335.771758,0.9544125
1336.77156,0.9633625
1337.771422,0.9721625
1338.771223,0.97895
1339.771024,0.981575
1340.770886,1.010475
1341.770688,1.0331875
1342.770489,1.031
1343.770351,1.03255
1344.770232,1.0214625
1345.770033,1.0000625
1346.769895,1.0080375
1347.769697,1.0124
1348.769498,1.0164
1349.76936,1.0180875
1350.769161,1.0227625
1351.768963,1.03695
1352.768825,1.0430625
1353.768626,1.0385625
1354.768507,1.02925
1355.768308,1.032225
1356.76817,1.048475
1357.767972,1.0589875
1358.767773,1.070525
1359.767635,1.0902875
1360.767436,1.1307375
1361.767238,1.1462375
1362.7671,1.1684125
1363.766901,1.195125
1364.766703,1.21475
1365.766644,1.2385625
1366.766445,1.2472125
1367.766247,1.274225
1368.766109,1.2712625
1369.76591,1.2708625
1370.765712,1.2642
1371.765573,1.2701375
1372.765375,1.260225
1373.765176,1.233625
1374.765038,1.2198625
1375.764919,1.227
1376.764721,1.2418375
1377.764582,1.2614375
1378.764384,1.2887625
1379.764185,1.302325
1380.764047,1.314225
1381.763849,1.3094875
1382.76365,1.2892
1383.763512,1.288925
1384.763313,1.28805
1385.763194,1.2965375
1386.763056,1.271075
1387.762858,1.244425
1388.762659,1.2255875
1389.762521,1.1985
1390.762322,1.1905125
1391.762124,1.203
1392.761986,1.196075
1393.761787,1.20605
1394.761588,1.2157875
1395.76153,1.193025
1396.761331,1.1824125
1397.761133,1.1798625
1398.760995,1.1792625
1399.760796,1.193575
1400.760597,1.209
1401.760459,1.1960125
1402.760261,1.2026375
1403.760062,1.20085
1404.759924,1.2111125
1405.759725,1.2168
1406.759606,1.2211
1407.759468,1.2005
1408.75927,1.2049
1409.759071,1.22715
1410.758933,1.221775
1411.758734,1.24035
1412.758536,1.2454125
1413.758398,1.2468
1414.758199,1.2500375
1415.758,1.259375
1416.757942,1.266575
1417.757743,1.2746
1418.757545,1.2744375
1419.757407,1.2731875
1420.757208,1.2768875
1421.757009,1.29235
1422.756871,1.28595
1423.756673,1.24325
1424.756474,1.212175
1425.756336,1.1614625
1426.756217,1.1354375
1427.756018,1.10295
1428.75588,1.0761375
1429.755682,1.0840625
1430.755483,1.09075
1431.755345,1.0811
1432.755146,1.0744
1433.754948,1.0719
1434.75481,1.1169625
1435.754611,1.1646125
1436.754413,1.1633625
1437.754354,1.1695875
1438.754155,1.1762625
1439.753957,1.1603875
1440.753819,1.1430875
1441.75362,1.1380875
1442.753422,1.1301625
1443.753283,1.1373875
1444.753085,1.12035
1445.752886,1.1110125
1446.752748,1.1280625
1447.752629,1.134725
1448.752431,1.12095
1449.752292,1.1321
1450.752094,1.131575
1451.751895,1.10865
1452.751757,1.1216375
1453.751559,1.1193125
1454.75136,1.09
1455.751222,1.09555
1456.751023,1.102625
1457.750904,1.0977625
1458.750766,1.083025
1459.750568,1.0732
1460.750369,1.08095
1461.750231,1.0693625
1462.750032,1.0608875
1463.749834,1.0655875
1464.749696,1.0555375
1465.749497,1.039525
1466.749298,1.0412375
1467.74916,1.0517625
1468.749041,1.051775
1469.748843,1.0623875
1470.748705,1.0586
1471.748506,1.0676
1472.748307,1.07535
1473.748169,1.081025
1474.747971,1.0697375
1475.747772,1.07235
1476.747634,1.0758
1477.747435,1.0855875
1478.747316,1.092425
1479.747178,1.091775
1480.74698,1.089975
1481.746781,1.088
1482.746643,1.0981875
1483.746444,1.10055
1484.746246,1.095925
1485.746047,1.0894
1486.745909,1.0922625
1487.74571,1.1011375
1488.745591,1.117175
1489.745453,1.15405
1490.745255,1.1731625
1491.745056,1.1983375
1492.744918,1.2145125
1493.744719,1.2331375
1494.744521,1.2463625
1495.744383,1.2547
1496.744184,1.2660875
1497.743985,1.290275
1498.743847,1.3163875
1499.743728,1.328875
1500.74353,1.3564
1501.743392,1.401575
1502.743193,1.4669
1503.742994,1.489275
1504.742856,1.48335
1505.742658,1.4581125
1506.742459,1.39415
1507.742321,1.3162875
1508.742122,1.2477875
1509.742003,1.187
1510.741865,1.168675
1511.741667,1.145975
1512.741468,1.1063625
1513.74133,1.0711375
1514.741131,1.0517625
1515.740933,1.045275
1516.740795,1.0507
1517.740596,1.0417
1518.740398,1.0338125
1519.740339,1.0543875
1520.74014,1.0711
1521.739942,1.0853625
1522.739804,1.0898
1523.739605,1.079825
1524.739407,1.06255
1525.739268,1.0668875
1526.73907,1.0803
1527.738871,1.0840125
1528.738733,1.079825
1529.738614,1.094175
1530.738416,1.119725
1531.738277,1.1372625
1532.738079,1.13625
1533.73788,1.1475125
1534.737742,1.1708625
1535.737544,1.1733
1536.737345,1.1773375
1537.737207,1.1785625
1538.737008,1.1605875
1539.73681,1.117975
1540.736751,1.1113125
1541.736553,1.1161375
1542.736354,1.18215
1543.736216,1.2488125
1544.736017,1.310475
1545.735819,1.3988125
1546.735681,1.518
1547.735482,1.6342125
1548.735283,1.70335
1549.735145,1.7902625
1550.735026,1.82505
1551.734828,1.8257875
1552.73469,1.8180625
1553.734491,1.80855
1554.734292,1.7865875
1555.734154,1.735575
1556.733956,1.6776875
1557.733757,1.6140125
1558.733619,1.54725
1559.73342,1.4990875
1560.733301,1.4458375
1561.733163,1.4021125
1562.732965,1.341625
1563.732766,1.3009375
1564.732628,1.2550875
1565.732429,1.2071625
1566.732231,1.180375
1567.732093,1.184325
1568.731894,1.1809
1569.731695,1.17095
1570.731557,1.1588
1571.731438,1.12865
1572.73124,1.140825
1573.731102,1.134275
1574.730903,1.1328625
1575.730704,1.115525
1576.730566,1.106325
1577.730368,1.09745
1578.730169,1.0814
1579.730031,1.0702375
1580.729832,1.066725
1581.729713,1.072525
1582.729575,1.067325
1583.729377,1.0534
1584.729178,1.063775
1585.72904,1.0469125
1586.728841,1.0287375
1587.728643,1.0409875
1588.728505,1.0434625
1589.728306,1.047975
1590.728108,1.0360875
1591.728049,1.0246125
1592.72785,1.017975
1593.727652,1.017875
1594.727514,1.012375
1595.727315,1.0229875
1596.727117,1.0362
1597.726978,1.05105
1598.72678,1.0539625
1599.726581,1.05505
1600.726443,1.034425
1601.726245,1.0408125
1602.726126,1.045725
1603.725987,1.044875
1604.725789,1.0535
1605.72559,1.064175
1606.725452,1.05865
1607.725254,1.0678625
1608.725055,1.1009125
1609.724917,1.1310875
1610.724718,1.185475
1611.72452,1.2513875
1612.724461,1.2779625
1613.724262,1.299775
1614.724064,1.320775
1615.723865,1.3553625
1616.723727,1.4105375
1617.723529,1.4331125
1618.72333,1.4513375
1619.723192,1.446475
1620.722993,1.45425
1621.722795,1.447075
1622.722736,1.447575
1623.722538,1.4782875
1624.722339,1.47545
1625.722201,1.47425
1626.722002,1.486875
1627.721804,1.5107875
1628.721666,1.5232125
1629.721467,1.5250625
1630.721268,1.5251
1631.72113,1.5251875
1632.721011,1.52345
1633.720813,1.51325
1634.720675,1.50845
1635.720476,1.5151375
1636.720277,1.5352375
1637.720139,1.5464625
1638.719941,1.573275
1639.719742,1.60705
1640.719604,1.64095
1641.719405,1.6571125
1642.719207,1.671225
1643.719148,1.688775
1644.71895,1.654175
1645.718751,1.6237875
1646.718613,1.5973
1647.718414,1.565375
1648.718216,1.5412
1649.718078,1.5431875
1650.717879,1.571825
1651.71768,1.6057
1652.717542,1.6593125
1653.717423,1.6942
1654.717225,1.6893375
1655.717087,1.6813375
1656.716888,1.6532125
1657.716689,1.60945
1658.716551,1.5855
1659.716353,1.551625
1660.716154,1.4980125
1661.716016,1.4473
1662.715817,1.3995125
1663.715698,1.3480625
1664.71556,1.309825
1665.715362,1.284725
1666.715163,1.22345
1667.715025,1.1686125
1668.714826,1.1592875
1669.714628,1.1454375
1670.71449,1.12185
1671.714291,1.099025
1672.714093,1.0737875
1673.713954,1.0487375
1674.713835,1.0268875
1675.713637,1.017675
1676.713499,1.004175
1677.7133,0.9930875
1678.713102,0.9883625
1679.712963,0.9937375
1680.712765,1.0014125
1681.712566,1.0059125
1682.712428,1.0166375
1683.71223,1.033875
1684.712111,1.0543625
1685.711972,1.108425
1686.711774,1.15085
1687.711575,1.194175
1688.711437,1.25005
1689.711239,1.3066125
1690.71104,1.329575
1691.710902,1.3600625
1692.710703,1.3875
1693.710505,1.402275
1694.710446,1.405075
1695.710248,1.405475
1696.710049,1.3864875
1697.709911,1.352975
1698.709712,1.3260875
1699.709514,1.29325
1700.709376,1.26415
1701.709177,1.247275
1702.708978,1.2589625
1703.70884,1.2576625
1704.708642,1.24795
1705.708523,1.251475
1706.708385,1.2533125
1707.708186,1.2724875
1708.707987,1.2791875
1709.707849,1.2966375
1710.707651,1.3088625
1711.707452,1.3321375
1712.707314,1.3548125
1713.707115,1.3890125
1714.706917,1.425475
1715.706858,1.4704
1716.70666,1.5212875
1717.706461,1.54305
1718.706323,1.5373
1719.706124,1.5313875
1720.705926,1.542525
1721.705788,1.5546625
1722.705589,1.552575
1723.70539,1.5484375
1724.705252,1.5240375
1725.705133,1.53065
1726.704935,1.5236
1727.704797,1.5347875
1728.704598,1.4893
1729.704399,1.44415
1730.704261,1.413325
1731.704063,1.384
1732.703864,1.3745875
1733.703726,1.3701875
1734.703527,1.3780375
1735.703408,1.4053875
1736.70327,1.427425
1737.703072,1.4429875
1738.702873,1.4706
1739.702735,1.469675
1740.702536,1.4445375
1741.702338,1.423275
1742.702139,1.382125
1743.702001,1.3303625
1744.701802,1.3079375
1745.701604,1.2945375
1746.701545,1.25915
1747.701347,1.22075
1748.701148,1.1728625
1749.70101,1.128825
1750.700811,1.1050875
1751.700613,1.105375
1752.700475,1.096375
1753.700276,1.09795
1754.700078,1.0909375
1755.699939,1.07435
1756.69982,1.039325
1757.699622,1.0328
1758.699484,1.020625
1759.699285,1.012725
1760.699087,1.00025
1761.698948,0.9943875
1762.69875,0.991675
1763.698551,1.0037375
1764.698413,1.00095
1765.698215,1.00745
1766.698096,1.0310125
1767.697957,1.0899
1768.697759,1.116775
1769.69756,1.116725
1770.697422,1.1154875
1771.697224,1.1246625
1772.697025,1.150375
1773.696887,1.2113875
1774.696688,1.3011
1775.69649,1.348175
1776.696352,1.3746125
1777.696233,1.3521875
1778.696034,1.303175
1779.695896,1.2587375
1780.695697,1.201825
1781.695499,1.136175
1782.695361,1.1004875
1783.695162,1.0872875
1784.694963,1.06295
1785.694825,1.0620875
1786.694627,1.071375
1787.694508,1.0645875
1788.69437,1.0947875
1789.694171,1.1283125
1790.693972,1.1590125
1791.693834,1.2342625
1792.693636,1.3112125
1793.693437,1.4198625
1794.693299,1.5319625
1795.6931,1.63615
1796.692902,1.7081625
1797.692843,1.7578375
1798.692645,1.77695
1799.692446,1.7795125
1800.692308,1.7507875
1801.692109,1.704375
1802.691911,1.62155
1803.691773,1.5404375
1804.691574,1.4742125
1805.691375,1.4313
1806.691237,1.455025
1807.691039,1.5052125
1808.69092,1.6061125
1809.690782,1.7108375
1810.690583,1.8118375
1811.690384,1.885075
1812.690246,1.9475
1813.690048,1.97915
1814.689849,1.991875
1815.689711,1.968925
1816.689512,1.8877
1817.689314,1.8203875
1818.689255,1.7586875
1819.689057,1.7093625
1820.688858,1.6873375
1821.68872,1.673125
1822.688521,1.658525
1823.688323,1.6603375
1824.688185,1.6578625
1825.687986,1.65665
1826.687788,1.699775
1827.687649,1.7429375
1828.68753,1.8146875
1829.687332,1.87915
1830.687194,1.9283625
1831.686995,1.9563
1832.686797,1.9504625
1833.686658,1.9258125
1834.68646,1.8882
1835.686261,1.8670625
1836.686123,1.835925
1837.685925,1.8054875
1838.685726,1.7759625
1839.685667,1.7405125
1840.685469,1.7251625
1841.68527,1.679925
1842.685132,1.6476
1843.684934,1.6153125
1844.684735,1.6036
1845.684597,1.604625
1846.684398,1.5889375
1847.6842,1.5741125
1848.684062,1.5466
1849.683943,1.4959875
1850.683744,1.45015
1851.683606,1.404075
1852.683407,1.3948625
1853.683209,1.3580625
1854.683071,1.33045
1855.682872,1.31645
1856.682673,1.3078
1857.682535,1.3171625
1858.682337,1.3161875
1859.682218,1.3067875
1860.68208,1.3105375
1861.681881,1.3383
1862.681682,1.3546
1863.681544,1.3458
1864.681346,1.3319375
1865.681147,1.312575
1866.681009,1.307925
1867.68081,1.3099
1868.680612,1.3065
1869.680553,1.292675
1870.680355,1.273575
1871.680156,1.23665
1872.679957,1.18725
1873.679819,1.15605
1874.679621,1.1249375
1875.679422,1.0913
1876.679284,1.063025
1877.679085,1.0466125
1878.678887,1.0401375
1879.678749,1.009875
1880.67863,0.9946875
1881.678431,0.9853125
1882.678293,0.9830375
1883.678094,0.9814375
1884.677896,0.9742625
1885.677758,0.9761
1886.677559,0.9698
1887.67736,0.9652625
1888.677222,0.9649
1889.677024,0.9623125
1890.676905,0.9649
1891.676767,0.9664125
1892.676568,0.961875
1893.676369,0.958125
1894.676231,0.9564125
1895.676033,0.9552125
1896.675834,0.954675
1897.675696,0.95435
1898.675497,0.9517
1899.675299,0.9536
1900.67524,0.9497125
1901.675042,0.9503
1902.674843,0.9472
1903.674705,0.94765
1904.674506,0.9461125
1905.674308,0.9454125
1906.67417,0.9435625
1907.673971,0.9419
1908.673773,0.94035
1909.673634,0.942625
1910.673436,0.9381125
1911.673317,0.9363
1912.673179,0.9348875
1913.67298,0.9363125
1914.672782,0.9378125
1915.672643,0.940975
1916.672445,0.937575
1917.672246,0.9382625
1918.672108,0.9362625
1919.67191,0.9345
1920.671711,0.93255
1921.671652,0.9337375
1922.671454,0.9326375
1923.671255,0.925175
1924.671117,0.9288875
1925.670919,0.930675
1926.67072,0.9307
1927.670582,0.9260125
1928.670383,0.92275
1929.670185,0.9270125
1930.670047,0.926425
1931.669928,0.921175
1932.669729,0.921675
1933.669591,0.914475
1934.669392,0.918125
1935.669194,0.9151
1936.669056,0.9166875
1937.668857,0.919775
1938.668658,0.9193625
1939.66852,0.9143625
1940.668322,0.9151375
1941.668123,0.9112
1942.668065,0.917775
1943.667866,0.9168375
1944.667667,0.9150375
1945.667529,0.9119875
1946.667331,0.907475
1947.667132,0.9077625
1948.666994,0.9075375
1949.666795,0.9091
1950.666597,0.9017375
1951.666459,0.9016125
1952.66634,0.8993875
1953.666141,0.8995125
1954.666003,0.898125
1955.665804,0.897875
1956.665606,0.89855
1957.665468,0.8943375
1958.665269,0.894075
1959.66507,0.8885375
1960.664932,0.8934
1961.664734,0.8931
1962.664615,0.8878875
1963.664477,0.8905625
1964.664278,0.88525
1965.664079,0.886525
1966.663941,0.885325
1967.663743,0.884175
1968.663544,0.8786125
1969.663406,0.8780625
1970.663207,0.881925
1971.663009,0.880875
1972.66295,0.88125
1973.662752,0.8705125
1974.662553,0.8760375
1975.662415,0.8816
1976.662216,0.872825
1977.662018,0.8734875
1978.66188,0.8789625
1979.661681,0.88155
1980.661482,0.8822125
1981.661344,0.8785
1982.661146,0.8745625
1983.661027,0.87725
1984.660889,0.868975
1985.66069,0.8656625
1986.660491,0.8668375
1987.660353,0.867725
1988.660155,0.8644625
1989.659956,0.863625
1990.659818,0.86245
1991.659619,0.8641
1992.659421,0.8649625
1993.659362,0.856
1994.659164,0.856
1995.658965,0.8588875
1996.658827,0.857625
1997.658628,0.8563
1998.65843,0.8637
1999.658292,0.85925
2000.658093,0.855625
2001.657895,0.8579625
2002.657696,0.857125
2003.657637,0.8589625
2004.657439,0.863
2005.65724,0.8641875
2006.657102,0.8673875
2007.656904,0.8722125
2008.656705,0.8717875
2009.656567,0.8741875
2010.656368,0.8778
2011.65617,0.8824
2012.656032,0.8866875
2013.655833,0.8866875
2014.655714,0.8914625
2015.655576,0.886225
2016.655377,0.8960125
2017.655179,0.9011375
2018.655041,0.9017625
2019.654842,0.907225
2020.654643,0.910825
2021.654505,0.918625
2022.654307,0.9197
2023.654108,0.9304375
2024.65405,0.9313125
2025.653851,0.935575
2026.653652,0.9497375
2027.653514,0.9858125
2028.653316,1.0218125
2029.653117,1.0578375
2030.652979,1.0875625
2031.65278,1.1344625
2032.652582,1.2163
2033.652444,1.254425
2034.652325,1.2379125
2035.652126,1.1977875
2036.651988,1.16935
2037.651789,1.1327375
2038.651591,1.099275
2039.651453,1.0785625
2040.651254,1.0518125
2041.651055,1.0320375
2042.650917,1.04625
2043.650719,1.060325
2044.65052,1.0579125
2045.650462,1.04655
2046.650263,1.0235375
2047.650064,1.01535
2048.649926,1.0293375
2049.649728,1.0228
2050.649529,1.019325
2051.649391,1.0164125
2052.649192,1.0438125
2053.648994,1.065925
2054.648856,1.08375
2055.648737,1.089575
2056.648538,1.1232625
2057.6484,1.1459875
2058.648201,1.138975
2059.648003,1.1389625
2060.647865,1.1373375
2061.647666,1.1106
2062.647468,1.067725
2063.647329,1.0524375
2064.647131,1.0904125
2065.647012,1.13095
2066.646874,1.1548375
2067.646675,1.144575
2068.646477,1.1250875
2069.646338,1.0911375
2070.64614,1.056325
2071.645941,1.033425
2072.645803,1.0123875
2073.645605,0.981175
2074.645406,0.9736125
2075.645347,0.9639875
2076.645149,0.965225
2077.64495,0.965875
2078.644812,0.9718125
2079.644614,0.9630875
2080.644415,0.9615625
2081.644277,0.9611125
2082.644078,0.9703
2083.64388,0.9653125
2084.643742,0.9633
2085.643543,0.9571625
2086.643424,0.95165
2087.643286,0.9436
2088.643087,0.9430375
2089.642889,0.9405125
2090.642751,0.935975
2091.642552,0.9476
2092.642353,0.9497
2093.642215,0.942825
2094.642017,0.9396
2095.641818,0.9379375
2096.641759,0.946725
2097.641561,0.937325
2098.641362,0.9333625
2099.641224,0.9328875
2100.641026,0.94165
2101.640827,0.9386125
2102.640689,0.933625
2103.64049,0.9308375
2104.640292,0.92455
2105.640154,0.91575
2106.640035,0.9019125
2107.639836,0.9095125
2108.639698,0.9018625
2109.639499,0.901875
2110.639301,0.8947
2111.639163,0.8950625
2112.638964,0.8914
2113.638765,0.88805
2114.638627,0.8873875
2115.638429,0.8838375
2116.63823,0.8818875
2117.638172,0.882025
2118.637973,0.8815875
2119.637774,0.88055
2120.637636,0.8789
2121.637438,0.878025
2122.637239,0.878
2123.637101,0.8742625
2124.636902,0.863025
2125.636704,0.8667
2126.636566,0.8652
2127.636447,0.860375
2128.636248,0.8602875
2129.636049,0.85645
2130.635911,0.859475
2131.635713,0.8517125
2132.635514,0.853225
2133.635376,0.851975
2134.635177,0.850125
2135.634979,0.8541
2136.634841,0.849675
2137.634722,0.848825
2138.634523,0.8464
2139.634385,0.851275
2140.634186,0.850025
2141.633988,0.85205
2142.63385,0.8476875
2143.633651,0.8440875
2144.633453,0.851425
2145.633314,0.8458125
2146.633116,0.851525
2147.632917,0.850175
2148.632859,0.854675
2149.63266,0.8552875
2150.632462,0.854575
2151.632323,0.858325
2152.632125,0.85225
2153.631926,0.8564375
2154.631788,0.8604375
2155.63159,0.854375
2156.631391,0.8538
2157.631253,0.8626125
2158.631134,0.86105
2159.630935,0.8632
2160.630797,0.87015
2161.630599,0.8684
2162.6304,0.8731125
2163.630262,0.8805
2164.630063,0.884925
2165.629865,0.8893125
2166.629727,0.9053
2167.629528,0.9157875
2168.629409,0.9129875
2169.629271,0.9228375
2170.629072,0.92595
2171.628874,0.91935
2172.628736,0.922375
2173.628537,0.9275875
2174.628338,0.92425
2175.6282,0.9269625
2176.628002,0.9283375
2177.627803,0.92545
2178.627745,0.9297625
2179.627546,0.9291
2180.627347,0.9321375
2181.627209,0.935175
2182.627011,0.9337375
2183.626812,0.9353875
2184.626674,0.93445
2185.626475,0.938625
2186.626277,0.941025
2187.626139,0.9395125
2188.62594,0.9335625
2189.625821,0.934525
2190.625683,0.9412875
2191.625484,0.9421
2192.625286,0.9439
2193.625148,0.948425
2194.624949,0.9492
2195.62475,0.9544625
2196.624612,0.9617875
2197.624414,0.9679375
2198.624215,0.9714875
2199.624157,0.9830125
2200.623958,1.0018125
2201.623759,1.027175
2202.623621,1.047975
2203.623423,1.0674125
2204.623224,1.0869125
2205.623086,1.12925
2206.622887,1.187625
2207.622689,1.2119625
2208.622551,1.2421
2209.622432,1.2625125
2210.622233,1.279175
2211.622095,1.3013875
2212.621896,1.3086875
2213.621698,1.318525
2214.62156,1.3252625
2215.621361,1.319325
2216.621162,1.326025
2217.621024,1.3473
2218.620826,1.37235
2219.620627,1.336325
2220.620569,1.30725
2221.62037,1.2842625
2222.620171,1.2966125
2223.620033,1.2905625
2224.619835,1.29145
2225.619636,1.2955
2226.619498,1.2913875
2227.619299,1.2526125
2228.619101,1.2139375
2229.618963,1.1917
2230.618844,1.1751375
2231.618645,1.1791875
2232.618507,1.174725
2233.618308,1.1662875
2234.61811,1.1673125
2235.617972,1.1647625
2236.617773,1.17065
2237.617575,1.17315
2238.617436,1.1816625
2239.617238,1.1781375
2240.617119,1.1833875
2241.616981,1.193525
2242.616782,1.2113
2243.616584,1.2279875
2244.616445,1.2480125
2245.616247,1.263825
2246.616048,1.2833625
2247.61591,1.30775
2248.615712,1.3245
2249.615513,1.3217875
2250.615375,1.314375
2251.615256,1.3247
2252.615057,1.3371875
2253.614919,1.3575
2254.614721,1.3768
2255.614522,1.3971125
2256.614384,1.4164875
2257.614185,1.4411625
2258.613987,1.4450625
2259.613788,1.4498625
2260.61365,1.4588625
2261.613531,1.4509375
2262.613332,1.448725
2263.613194,1.463625
2264.612996,1.459575
2265.612797,1.4625375
2266.612659,1.467625
2267.61246,1.466725
2268.612262,1.4541375
2269.612124,1.442475
2270.611925,1.4367625
2271.611806,1.4307125
2272.611668,1.431475
2273.611469,1.430475
2274.611271,1.4290375
2275.611133,1.420675
2276.610934,1.4117
2277.610735,1.3910875
2278.610597,1.37415
2279.610399,1.35275
2280.6102,1.3399125
2281.610062,1.3357125
2282.609943,1.32645
2283.609744,1.324125
2284.609606,1.3217
2285.609408,1.3173
2286.609209,1.3157625
2287.609071,1.3012125
2288.608872,1.2949875
2289.608674,1.2834125
2290.608536,1.2817375
2291.608337,1.276
2292.608218,1.2769125
2293.60808,1.2635875
2294.607881,1.2505875
2295.607683,1.238475
2296.607545,1.2379625
2297.607346,1.2259125
2298.607148,1.2095125
2299.607009,1.193925
2300.606811,1.1947875
2301.606612,1.189125
2302.606554,1.1922875
2303.606355,1.1924875
2304.606157,1.1928625
2305.606018,1.1697875
2306.60582,1.1577625
2307.605621,1.1452875
2308.605483,1.14845
2309.605285,1.1448875
2310.605086,1.1579
2311.604948,1.1531
2312.604829,1.14435
2313.60463,1.1325
2314.604492,1.1351125
2315.604294,1.1322375
2316.604095,1.1512875
2317.603957,1.16715
2318.603758,1.1800875
2319.60356,1.1763375
2320.603422,1.17435
2321.603223,1.1689
2322.603024,1.170125
2323.602966,1.1703
2324.602767,1.1788375
2325.602569,1.178275
2326.602431,1.1752875
2327.602232,1.1716875
2328.602033,1.170775
2329.601895,1.1786375
2330.601697,1.1702375
2331.601498,1.1708625
2332.60136,1.1780375
2333.601241,1.17105
2334.601042,1.1761375
2335.600904,1.182225
2336.600706,1.1830875
2337.600507,1.1872875
2338.600369,1.1822
2339.60017,1.18
2340.599972,1.1756875
2341.599834,1.1693375
2342.599635,1.1641375
2343.599516,1.1544
2344.599378,1.150525
2345.599179,1.1522625
2346.598981,1.157575
2347.598843,1.1486
2348.598644,1.122325
2349.598445,1.1117
2350.598307,1.0939125
2351.598109,1.0909875
2352.59791,1.07475
2353.597772,1.0618875
2354.597653,1.0381
2355.597454,1.0297
2356.597316,1.0095375
2357.597118,1.004625
2358.596919,0.9921625
2359.596781,0.9896625
2360.596582,0.9720875
2361.596384,0.9708875
2362.596246,0.950525
2363.596047,0.9413375
2364.595928,0.9274
2365.59579,0.9137375
2366.595591,0.9036875
2367.595393,0.8987125
2368.595255,0.8848125
2369.595056,0.8880125
2370.594857,0.8698625
2371.594719,0.8638625
2372.594521,0.8654125
2373.594322,0.861275
2374.594264,0.84975
2375.594065,0.8457375
2376.593866,0.843675
2377.593728,0.83805
2378.59353,0.8385
2379.593331,0.822
2380.593193,0.8229875
2381.592994,0.8163625
2382.592796,0.8006125
2383.592658,0.7858375
2384.592459,0.7869
2385.59234,0.7807625
2386.592202,0.7602625
2387.592003,0.7506625
2388.591805,0.7353625
2389.591606,0.7484875
2390.591468,0.7454625
2391.59127,0.7393375
2392.591071,0.741875
2393.590933,0.7499125
2394.590734,0.7585625
2395.590615,0.7793
2396.590477,0.798525
2397.590279,0.8247375
2398.59008,0.8487625
2399.589942,0.8794125
2400.589743,0.9169375
2401.589545,0.948075
2402.589407,0.9688625
2403.589208,0.992325
2404.589009,1.013475
2405.588951,1.031625
2406.588752,1.0484875
2407.588554,1.0653625
2408.588416,1.0813875
2409.588217,1.101325
2410.588018,1.112075
2411.58788,1.1197875
2412.587682,1.13995
2413.587483,1.1516125
2414.587345,1.1606
2415.587226,1.1785625
2416.587027,1.188475
2417.586889,1.2036
2418.586691,1.2147875
2419.586492,1.2257
2420.586354,1.2350125
2421.586155,1.2399125
2422.585957,1.25415
2423.585819,1.2613125
2424.58562,1.268175
2425.585421,1.27365
2426.585363,1.28065
2427.585164,1.28675
2428.584966,1.291125
2429.584828,1.29475
2430.584629,1.2985125
2431.58443,1.3003625
2432.584292,1.2990875
2433.584094,1.2986875
2434.583895,1.295675
2435.583757,1.2889875
2436.583638,1.2838
2437.583439,1.280925
