0,1.7635875
0.99980139,1.74055
1.999663306,1.7391625
2.999544303,1.709575
3.999345693,1.6538125
4.999207609,1.5907125
5.999008999,1.5683625
6.99881039,1.5574
7.998672305,1.5110625
8.998473696,1.4174
9.998275085,1.3175
10.998137,1.294175
11.99793839,1.2876375
12.99781939,1.29045
13.9976813,1.2911625
14.99748269,1.33455
15.99728409,1.39265
16.99708548,1.400525
17.99694739,1.3905125
18.99674878,1.3970625
19.99655017,1.4079125
20.99641209,1.403325
21.99621348,1.3726125
22.99609448,1.3545125
23.99595639,1.346225
24.99575778,1.335825
25.99555917,1.3436875
26.99542109,1.3531625
27.99522248,1.33505
28.99502387,1.3274625
29.99488578,1.301575
30.99468717,1.2999375
31.99448856,1.3269
32.99435048,1.3418625
33.99423148,1.3463875
34.99403287,1.3454125
35.99389478,1.3215125
36.99369617,1.3128
37.99349756,1.2990625
38.99335948,1.3015875
39.99316087,1.33225
40.99296226,1.339225
41.99282417,1.3406625
42.99262556,1.33095
43.99250656,1.3279125
44.99236848,1.3179125
45.99216987,1.28545
46.99197126,1.260025
47.99183317,1.2362875
48.99163456,1.19235
49.99143595,1.17885
50.99129787,1.1716625
51.99109926,1.176
52.99090065,1.169475
53.99084217,1.15125
54.99064356,1.1329125
55.99044495,1.1098375
56.99030686,1.0877875
57.99010825,1.075075
58.98990965,1.118175
59.98977156,1.1222
60.98957295,1.102225
61.98937434,1.0957125
62.98923626,1.0833125
63.98903765,1.1131375
64.98891864,1.1505875
65.98878056,1.1629
66.98858195,1.1458875
67.98838334,1.118
68.98824526,1.0894
69.98804665,1.0831375
70.98784804,1.1399625
71.98770995,1.1846
72.98751134,1.242625
73.98731273,1.2855625
74.98725425,1.3524
75.98705564,1.3780875
76.98685703,1.4194625
77.98671895,1.4115375
78.98652034,1.3705875
79.98632173,1.3797875
80.98618364,1.386325
81.98598503,1.35915
82.98578642,1.348825
83.98564834,1.3544875
84.98552934,1.4219875
85.98533073,1.5002125
86.98519264,1.568925
87.98499403,1.600525
88.98479542,1.6043125
89.98465734,1.6119875
90.98445873,1.5975125
91.98426012,1.587725
92.98412204,1.5514625
93.98392343,1.5472125
94.98372482,1.51525
95.98366633,1.4797625
96.98346772,1.4337375
97.98326911,1.4070875
98.98313103,1.3929125
99.98293242,1.4012
100.9827338,1.394375
101.9825957,1.40555
102.9823971,1.3868375
103.9821985,1.3458
104.9820604,1.3242875
105.9819414,1.3123125
106.9817428,1.3103875
107.9816047,1.308475
108.9814061,1.3170625
109.9812075,1.3420875
110.9810694,1.3758125
111.9808708,1.4027625
112.9806722,1.3873625
113.9805341,1.3609125
114.9803355,1.3765875
115.9802165,1.3612625
116.9800784,1.3583625
117.9798798,1.3800875
118.9796812,1.370225
119.9795431,1.352375
120.9793445,1.3291875
121.9791459,1.31565
122.9790078,1.2726875
123.9788092,1.2434125
124.9786106,1.25475
125.9785521,1.2359625
126.9783535,1.2247875
127.9781549,1.2448625
128.9780168,1.2520125
129.9778182,1.2492125
130.9776196,1.2277
131.9774815,1.2131125
132.9772829,1.21485
133.9770843,1.2443875
134.9769462,1.2337
135.9767476,1.2103625
136.9766286,1.213375
137.9764905,1.2040125
138.9762919,1.245225
139.9760933,1.30305
140.9759552,1.349875
141.9757566,1.3984625
142.975558,1.4421
143.9754199,1.4531
144.9752213,1.502575
145.9750227,1.5187125
146.9749037,1.490975
147.9747656,1.4949125
148.974567,1.4917375
149.9743684,1.450475
150.9742303,1.4525625
151.9740317,1.4335125
152.9738331,1.4256375
153.973695,1.4030125
154.9734964,1.4117375
155.9732978,1.418225
156.9732393,1.37245
157.9730407,1.3368875
158.9728421,1.340925
159.972704,1.336725
160.9725054,1.33885
161.9723068,1.3413
162.9721687,1.3280125
163.9719701,1.304025
164.9717715,1.2730125
165.9716334,1.275775
166.9714348,1.2797125
167.9713158,1.2365875
168.9711777,1.237625
169.9709791,1.2152125
170.9707805,1.2197875
171.9706424,1.2118375
172.9704438,1.2040375
173.9702451,1.2013875
174.9701071,1.233525
175.9699085,1.2940875
176.9697098,1.348775
177.9696514,1.393175
178.9694528,1.4473625
179.9692541,1.4874875
180.9691161,1.4828125
181.9689174,1.47395
182.9687188,1.4991125
183.9685808,1.5482125
184.9683821,1.53055
185.9681835,1.5257125
186.9680455,1.514
187.9679264,1.5062
188.9677278,1.500575
189.9675898,1.5138375
190.9673911,1.5262
191.9671925,1.5297375
192.9670545,1.5038375
193.9668558,1.4356375
194.9666572,1.401375
195.9665191,1.3565
196.9663205,1.356625
197.9661219,1.377125
198.9660634,1.368825
199.9658648,1.381325
200.9656662,1.393875
201.9655281,1.3923875
202.9653295,1.402475
203.9651309,1.4181375
204.9649928,1.431625
205.9647942,1.4748
206.9645956,1.538125
207.9644575,1.55745
208.9643385,1.5270375
209.9641399,1.50995
210.9640018,1.4820875
211.9638032,1.41325
212.9636046,1.318175
213.9634665,1.293125
214.9632679,1.3205
215.9630693,1.356175
216.9629312,1.3200125
217.9627326,1.2913625
218.9626136,1.2594
219.9624755,1.2292125
220.9622769,1.1965875
221.9620783,1.16775
222.9619402,1.13995
223.9617416,1.1158625
224.961543,1.084375
225.9614049,1.0526
226.9612063,1.03955
227.9610077,1.0328125
228.9609492,1.059825
229.9607506,1.14255
230.960552,1.248375
231.9604139,1.32465
232.9602153,1.362975
233.9600167,1.4098375
234.9598786,1.45705
235.95968,1.475975
236.9594814,1.5440125
237.9593433,1.5966875
238.9591447,1.624375
239.9590257,1.62865
240.9588876,1.602
241.958689,1.5795375
242.9584904,1.568725
243.9583523,1.5197
244.9581537,1.525025
245.9579551,1.5074375
246.957817,1.509475
247.9576184,1.5186625
248.9574198,1.5129875
249.9573613,1.501775
250.9571627,1.5022375
251.9569641,1.4686
252.956826,1.4521625
253.9566274,1.4308875
254.9564288,1.4087125
255.9562907,1.4056375
256.9560921,1.4216125
257.9558935,1.4139375
258.9557554,1.387225
259.9556364,1.3522375
260.9554378,1.3309375
261.9552997,1.294075
262.9551011,1.277125
263.9549025,1.2764625
264.9547644,1.2745125
265.9545658,1.2439125
266.9543672,1.21465
267.9542291,1.1818375
268.9540305,1.1739125
269.9538319,1.1695875
270.9537734,1.1234125
271.9535748,1.0866125
272.9533762,1.0927875
273.9531776,1.0767625
274.9530395,1.07905
275.9528409,1.0865625
276.9526423,1.0828375
277.9525042,1.071075
278.9523056,1.061375
279.952107,1.078475
280.9520485,1.1039625
281.9518499,1.1045875
282.9516513,1.097825
283.9515132,1.1217125
284.9513146,1.15355
285.9511159,1.1764375
286.9509779,1.2175125
287.9507793,1.2510375
288.9505806,1.280675
289.9504426,1.3213625
290.9503236,1.3759375
291.9501249,1.423775
292.9499869,1.458775
293.9497883,1.493225
294.9495896,1.5470875
295.9494516,1.567875
296.9492529,1.6074375
297.9490543,1.65575
298.9489163,1.695775
299.9487176,1.746875
300.948519,1.8341
301.9484606,1.9012625
302.9482619,1.9199
303.9480633,1.9144625
304.9479252,1.9155125
305.9477266,1.89475
306.947528,1.8697
307.9473899,1.8058375
308.9471913,1.749925
309.9469927,1.6903625
310.9468546,1.67075
311.9467356,1.6987375
312.946537,1.75175
313.9463989,1.83995
314.9462003,1.9266375
315.9460017,2.0115
316.9458636,2.1353375
317.945665,2.216425
318.9454664,2.268625
319.9453283,2.25975
320.9451297,2.22
321.9450107,2.1772375
322.9448726,2.1328125
323.944674,2.0862875
324.9444754,2.0191875
325.9443373,1.936825
326.9441387,1.8523625
327.9439401,1.808325
328.943802,1.7961875
329.9436034,1.7854875
330.9434048,1.79385
331.9433463,1.7874625
332.9431477,1.7742625
333.9429491,1.7436
334.942811,1.6921125
335.9426124,1.6385125
336.9424138,1.6026625
337.9422757,1.603425
338.9420771,1.6733625
339.9418785,1.6957
340.9417404,1.7369125
341.9415418,1.7513625
342.9414228,1.731975
343.9412847,1.7054375
344.9410861,1.6512875
345.9408875,1.60235
346.9407494,1.6021
347.9405508,1.6097875
348.9403522,1.615025
349.9402141,1.63665
350.9400155,1.6593
351.9398169,1.682475
352.9397584,1.6702625
353.9395598,1.58705
354.9393612,1.552575
355.9392231,1.4982125
356.9390245,1.4294
357.9388259,1.334325
358.9386878,1.268225
359.9384892,1.2203625
360.9382906,1.194175
361.9381525,1.1683375
362.9380335,1.155725
363.9378349,1.1201625
364.9376968,1.08585
365.9374982,1.0366875
366.9372996,1.011
367.9371615,0.9684125
368.9369629,0.9532875
369.9367643,0.901975
370.9366262,0.8820875
371.9364276,0.853375
372.936229,0.835625
373.9361705,0.8106625
374.9359719,0.8006125
375.9357733,0.8048375
376.9356352,0.7919625
377.9354366,0.7881625
378.935238,0.7713
379.9350999,0.767525
380.9349013,0.76345
381.9347027,0.75585
382.9345646,0.75095
383.9344456,0.752125
384.934247,0.7420625
385.9341089,0.7562625
386.9339103,0.757025
387.9337117,0.7541375
388.9335736,0.7565375
389.933375,0.7504625
390.9331764,0.7499375
391.9330383,0.7552875
392.9328397,0.7635875
393.9327207,0.7649375
394.9325826,0.7691
395.932384,0.7907125
396.9321854,0.81135
397.9320473,0.8205625
398.9318487,0.839975
399.9316501,0.889425
400.931512,0.9133875
401.9313134,0.9476
402.9311148,1.0033625
403.9309161,1.0401625
404.9308577,1.0808125
405.9306591,1.10785
406.9304604,1.09645
407.9303224,1.1023125
408.9301238,1.117625
409.9299251,1.1523125
410.9297871,1.1898375
411.9295884,1.2365
412.9293898,1.296575
413.9292518,1.334875
414.9291328,1.3867375
415.9289341,1.4740875
416.9287961,1.5929375
417.9285974,1.6734125
418.9283988,1.746825
419.9282608,1.82005
420.9280621,1.924275
421.9278635,2.0057
422.9277254,2.0821625
423.9275268,2.1235
424.9274078,2.1451625
425.9272698,2.1657375
426.9270711,2.170675
427.9268725,2.144475
428.9267344,2.126975
429.9265358,2.0554625
430.9263372,1.96065
431.9261991,1.874375
432.9260005,1.815025
433.9258019,1.7029875
434.9256638,1.5887875
435.9255448,1.4923625
436.9253462,1.4030625
437.9252081,1.3283125
438.9250095,1.26885
439.9248109,1.2251
440.9246728,1.1787875
441.9244742,1.125975
442.9242756,1.086575
443.9241375,1.0295125
444.9239389,0.972375
445.9238199,0.92975
446.9236818,0.894225
447.9234832,0.847675
448.9232846,0.8505625
449.9231465,0.8593875
450.9229479,0.85575
451.9227493,0.8547375
452.9226112,0.851275
453.9224126,0.866425
454.922214,0.8834
455.9221555,0.877575
456.9219569,0.8429
457.9217583,0.8166
458.9216202,0.822375
459.9214216,0.8246
460.921223,0.812075
461.9210849,0.7921375
462.9208863,0.8053875
463.9206877,0.806225
464.9205496,0.7988375
465.9204306,0.7978625
466.920232,0.8031875
467.9200939,0.7963875
468.9198953,0.7977125
469.9196967,0.806225
470.9195586,0.8005
471.91936,0.7816875
472.9191614,0.78245
473.9190233,0.79435
474.9188247,0.789625
475.9186261,0.7830875
476.9185676,0.77495
477.918369,0.76265
478.9181704,0.7739875
479.9180323,0.7747125
480.9178337,0.7863625
481.9176351,0.7889625
482.917497,0.77855
483.9172984,0.79005
484.9170998,0.7868375
485.9169617,0.7650375
486.9168427,0.73435
487.9166441,0.716525
488.916506,0.7413375
489.9163074,0.7342125
490.9161088,0.7376125
491.9159707,0.725575
492.9157721,0.720175
493.9155735,0.7462
494.9154354,0.7547625
495.9152368,0.740925
496.9151178,0.7467875
497.9149797,0.750025
498.9147811,0.765675
499.9145825,0.760225
500.9144444,0.7616625
501.9142458,0.7557375
502.9140472,0.7624875
503.9139091,0.7582125
504.9137105,0.7563125
505.9135119,0.75805
506.9133738,0.770925
507.9132548,0.7648125
508.9130562,0.7643375
509.9129181,0.7592125
510.9127195,0.75235
511.9125209,0.7498375
512.9123828,0.757375
513.9121842,0.7555
514.9119856,0.7792625
515.9118475,0.7845
516.9116489,0.773075
517.9115299,0.76805
518.9113918,0.7606375
519.9111932,0.7608625
520.9109946,0.7567375
521.9108565,0.7615875
522.9106579,0.7573
523.9104593,0.7691875
524.9103212,0.7722125
525.9101226,0.7687125
526.909924,0.768375
527.9098655,0.7650875
528.9096669,0.765475
529.9094683,0.7730875
530.9093302,0.7679375
531.9091316,0.7615125
532.908933,0.765175
533.9087343,0.758225
534.9085963,0.7586125
535.9083977,0.7556375
536.908199,0.760475
537.908061,0.7743625
538.907942,0.777975
539.9077433,0.7706875
540.9076053,0.7752375
541.9074067,0.7840375
542.907208,0.7745625
543.90707,0.796625
544.9068713,0.8019625
545.9066727,0.7943
546.9065347,0.8034625
547.906336,0.80965
548.906217,0.8103625
549.906079,0.8103125
550.9058803,0.8077125
551.9056817,0.8085625
552.9055437,0.8183
553.905345,0.828175
554.9051464,0.8577125
555.9050083,0.8810375
556.9048097,0.905325
557.9046111,0.9152
558.9045526,0.9258
559.904354,0.918525
560.9041554,0.90675
561.9040173,0.8999875
562.9038187,0.8947875
563.9036201,0.8958125
564.903482,0.90165
565.9032834,0.9267875
566.9030848,0.9391375
567.9029467,0.937675
568.9028277,0.94365
569.9026291,0.9735375
570.902491,0.9907625
571.9022924,0.9977625
572.9020938,1.0274125
573.9019557,1.0750875
574.9017571,1.1140625
575.9015585,1.153825
576.9014204,1.2075625
577.9012218,1.2419375
578.9010232,1.2890125
579.9009647,1.3236375
580.9007661,1.35955
581.9005675,1.406125
582.9004294,1.4481125
583.9002308,1.472225
584.9000322,1.47995
585.8998941,1.4649125
586.8996955,1.45865
587.8994969,1.427975
588.8993588,1.3627625
589.8992398,1.3211
590.8990412,1.2742
591.8989031,1.2323875
592.8987045,1.2142125
593.8985059,1.23325
594.8983678,1.27085
595.8981692,1.298425
596.8979706,1.3228125
597.8978325,1.3469875
598.8976339,1.3780375
599.8975149,1.4043875
600.8973768,1.44265
601.8971782,1.4696875
602.8969796,1.5082375
603.8968415,1.5525
604.8966429,1.57255
605.8964443,1.5674875
606.8963062,1.551925
607.8961076,1.5359625
608.895909,1.5144625
609.8957709,1.5125375
610.8956519,1.49525
611.8954533,1.489975
612.8953152,1.47885
613.8951166,1.4456875
614.894918,1.388475
615.8947799,1.3120125
616.8945813,1.2261375
617.8943827,1.1689875
618.8942446,1.1146375
619.894046,1.081375
620.893927,1.0395
621.8937889,0.9836875
622.8935903,0.963025
623.8933917,0.9447
624.8932536,0.91385
625.893055,0.90715
626.8928564,0.9098375
627.8927183,0.8878625
628.8925197,0.8849375
629.8923211,0.884725
630.8922626,0.887775
631.892064,0.8816375
632.8918654,0.8938625
633.8917273,0.8838625
634.8915287,0.892175
635.8913301,0.884025
636.891192,0.88595
637.8909934,0.8706625
638.8907948,0.8939
639.8906567,0.8996875
640.8904581,0.9097125
641.8903391,0.9405375
642.890201,0.9552
643.8900024,0.96105
644.8898038,0.9661375
645.8896657,0.9658
646.8894671,0.9833
647.8892685,1.0092125
648.8891304,1.0251375
649.8889318,1.036825
650.8887332,1.052525
651.8886747,1.0720125
652.8884761,1.0984625
653.8882775,1.1192875
654.8881394,1.13595
655.8879408,1.162825
656.8877422,1.1931375
657.8876041,1.22185
658.8874055,1.2511375
659.8872069,1.2654125
660.8870082,1.268825
661.8869498,1.2806125
662.8867511,1.2808625
663.8865525,1.2760125
664.8864145,1.262175
665.8862158,1.2591
666.8860172,1.27145
667.8858792,1.2808625
668.8856805,1.2855375
669.8854819,1.28975
670.8853438,1.298075
671.8852248,1.2802875
672.8850262,1.28335
673.8848882,1.3079
674.8846895,1.3592625
675.8844909,1.426875
676.8843528,1.4940875
677.8841542,1.5460875
678.8839556,1.589475
679.8838175,1.6274625
680.8836189,1.6763625
681.8834203,1.7082125
682.8833618,1.75145
683.8831632,1.8068875
684.8829646,1.8600875
685.8828265,1.94695
686.8826279,2.0690625
687.8824293,2.18135
688.8822912,2.2831625
689.8820926,2.4027375
690.881894,2.52845
691.8817559,2.668775
692.8816369,2.8114125
693.8814383,2.96165
694.8813002,3.0794875
695.8811016,3.1361875
696.880903,3.1439625
697.8807649,3.1153625
698.8805663,3.09875
699.8803677,3.0143125
700.8802296,2.8744
701.880031,2.715825
702.879912,2.55005
703.8797739,2.4112
704.8795753,2.2497
705.8793767,2.1101375
706.8792386,1.984175
707.87904,1.8867625
708.8788414,1.83745
709.8787033,1.7940375
710.8785047,1.75
711.8783061,1.7251875
712.878168,1.651975
713.878049,1.5701625
714.8778504,1.5219
715.8777123,1.509825
716.8775137,1.5532375
717.8773151,1.6086625
718.877177,1.676975
719.8769784,1.7336375
720.8767798,1.786775
721.8766417,1.8694625
722.8764431,1.9421
723.8763241,2.0437625
724.876186,2.0981125
725.8759874,2.110325
726.8757888,2.12875
727.8756507,2.156425
728.8754521,2.1596
729.8752535,2.1451
730.8751154,2.1037375
731.8749168,2.0501
732.8747182,1.993625
733.8746597,1.977925
734.8744611,1.9671875
735.8742625,1.95745
736.8741244,1.919025
737.8739258,1.9157125
738.8737272,1.890275
739.8735891,1.8636625
740.8733905,1.8354375
741.8731919,1.824625
742.8730538,1.8157375
743.8728552,1.7969375
744.8727362,1.7633875
745.8725981,1.7282375
746.8723995,1.6844125
747.8722009,1.656125
748.8720628,1.6368625
749.8718642,1.6015125
750.8716656,1.5872125
751.8715275,1.55575
752.8713289,1.5381625
753.8711303,1.5078625
754.8710718,1.4590875
755.8708732,1.396025
756.8706746,1.344075
757.8705365,1.276175
758.8703379,1.2176
759.8701393,1.2003875
760.8700012,1.1507625
761.8698026,1.1110625
762.869604,1.087725
763.8694659,1.0730125
764.8693469,1.0599375
765.8691483,1.047025
766.8690102,1.030025
767.8688116,1.0217125
768.868613,1.0029
769.8684749,0.9798625
770.8682763,0.965775
771.8680777,0.9532875
772.8679396,0.9513125
773.867741,0.9638375
774.867622,0.983425
775.8674839,1.0191125
776.8672853,1.0545375
777.8670867,1.0562375
778.8669486,1.0496375
779.86675,1.064125
780.8665514,1.074275
781.8664133,1.0701625
782.8662147,1.0872625
783.8660161,1.1036625
784.865878,1.1038875
785.865759,1.1179
786.8655604,1.11305
787.8654223,1.088475
788.8652237,1.0422
789.8650251,0.9979375
790.8648264,0.9414875
791.8646884,0.88925
792.8644897,0.8651
793.8642911,0.854525
794.8641531,0.8423625
795.8640341,0.812125
796.8638354,0.82015
797.8636974,0.7756
798.8634987,0.7767125
799.8633001,0.79805
800.8631621,0.796875
801.8629634,0.7973
802.8627648,0.8128875
803.8626267,0.81735
804.8624281,0.8202125
805.8623091,0.820525
806.8621711,0.8367625
807.8619724,0.8375375
808.8617738,0.8538375
809.8616357,0.8906875
810.8614371,0.915125
811.8612385,0.9366875
812.8611004,0.940775
813.8609018,0.9353
814.8607032,0.9225
815.8605651,0.918025
816.8604461,0.92715
817.8602475,0.930675
818.8601094,0.9224
819.8599108,0.9056625
820.8597122,0.869925
821.8595741,0.8929875
822.8593755,0.914875
823.8591769,0.9107375
824.8590388,0.8988
825.8588402,0.905275
826.8587212,0.905325
827.8585831,0.8977375
828.8583845,0.906
829.8581859,0.925825
830.8580478,0.9363
831.8578492,0.9548625
832.8576506,0.95785
833.8575125,0.9586125
834.8573139,0.94865
835.8571153,0.964425
836.8570568,0.9726875
837.8568582,0.9577625
838.8566596,0.975575
839.8565215,0.9641625
840.8563229,0.94545
841.8561243,0.9496875
842.8559862,0.938525
843.8557876,0.9259375
844.855589,0.9526875
845.8554509,0.9449125
846.8552523,0.9547875
847.8551333,0.9533875
848.8549952,0.9206375
849.8547966,0.9345625
850.854598,0.9150125
851.8544599,0.895825
852.8542613,0.8787
853.8540627,0.8576625
854.8539246,0.8346
855.853726,0.8338125
856.8535274,0.826025
857.8534689,0.8091625
858.8532703,0.7883375
859.8530717,0.78475
860.8529336,0.791825
861.852735,0.7608875
862.8525364,0.719025
863.8523983,0.69435
864.8521997,0.683225
865.8520011,0.67095
866.851863,0.658075
867.851744,0.618175
868.8515454,0.5912125
869.8514073,0.5561375
870.8512087,0.5387625
871.8510101,0.531925
872.850872,0.525
873.8506734,0.5118375
874.8504748,0.4953125
875.8503367,0.4870875
876.8501381,0.4750875
877.8499395,0.4712125
878.849881,0.46365
879.8496824,0.455925
880.8494838,0.4591375
881.8493457,0.4587875
882.8491471,0.4615375
883.8489485,0.4703125
884.8488104,0.48735
885.8486118,0.484425
886.8484132,0.48235
887.8482751,0.4828125
888.8481561,0.493175
889.8479575,0.5035625
890.8478194,0.5121875
891.8476208,0.51675
892.8474222,0.5272125
893.8472841,0.533825
894.8470855,0.534775
895.8468869,0.5282625
896.8467488,0.5218875
897.8465502,0.5272625
898.8464312,0.5356375
899.8462931,0.548925
900.8460945,0.5543375
901.8458959,0.564375
902.8457578,0.574675
903.8455592,0.5761125
904.8453606,0.5914125
905.8452225,0.603475
906.8450239,0.619375
907.8448253,0.6370375
908.8447668,0.6535875
909.8445682,0.69365
910.8443696,0.7259125
911.8442315,0.75065
912.8440329,0.7790125
913.8438343,0.8021875
914.8436962,0.8119
915.8434976,0.8326625
916.8432989,0.8411875
917.8431609,0.8251
918.8429623,0.82825
919.8428433,0.8362875
920.8426446,0.8741375
921.8425066,0.927425
922.8423079,0.9410375
923.8421093,0.94325
924.8419713,0.9573625
925.8417726,0.9836625
926.841574,1.0107125
927.8414359,1.0197125
928.8412373,1.0336375
929.8411183,1.0526
930.8409803,1.0481
931.8407816,1.030725
932.840583,1.0086625
933.8404449,0.9495
934.8402463,0.8913375
935.8400477,0.8730875
936.8399096,0.8484375
937.839711,0.7709
938.8395124,0.7058125
939.8394539,0.6472
940.8392553,0.6239625
941.8390567,0.6170625
942.8389186,0.5935375
943.83872,0.5712
944.8385214,0.5682375
945.8383833,0.560975
946.8381847,0.54665
947.8379861,0.5526625
948.837848,0.5422875
949.8376494,0.53625
950.8375304,0.5347
951.8373923,0.5292125
952.8371937,0.526775
953.8369951,0.5246375
954.836857,0.5067375
955.8366584,0.4975875
956.8364598,0.4927625
957.8363217,0.4812
958.8361231,0.470975
959.8359245,0.46715
960.835866,0.4578875
961.8356674,0.4465375
962.8354688,0.4286875
963.8353307,0.41925
964.8351321,0.4182625
965.8349335,0.4042125
966.8347954,0.3963375
967.8345968,0.3926875
968.8343982,0.37545
969.8342601,0.3778875
970.8341411,0.3795875
971.8339425,0.3903125
972.8338044,0.379575
973.8336058,0.37645
974.8334072,0.3813125
975.8332691,0.3802625
976.8330705,0.3788125
977.8328719,0.383
978.8327338,0.38625
979.8325352,0.3868125
980.8323366,0.38755
981.8322781,0.3883125
982.8320795,0.389025
983.8318809,0.3898
984.8317428,0.3906875
985.8315442,0.391425
986.8313456,0.3921375
987.8312075,0.39265
988.8310089,0.39315
989.8308103,0.3937125
990.8306722,0.3945375
991.8305532,0.3956375
992.8303546,0.3911375
993.8302165,0.393925
994.8300179,0.3840375
995.8298193,0.3612125
996.8296812,0.3805875
997.8294826,0.40755
998.829284,0.4158625
999.8291459,0.4327375
1000.828947,0.436775
1001.828828,0.4434625
1002.82869,0.452525
1003.828492,0.4617375
1004.828293,0.4741625
1005.828155,0.479625
1006.827956,0.4949625
1007.827758,0.4925375
1008.82762,0.5061875
1009.827421,0.5271125
1010.827222,0.5449125
1011.827164,0.5533875
1012.826965,0.5885125
1013.826767,0.618925
1014.826629,0.6483625
1015.82643,0.6546
1016.826231,0.6745375
1017.826093,0.679525
1018.825895,0.6923
1019.825696,0.709825
1020.825558,0.7266125
1021.825359,0.7343
1022.82524,0.7840125
1023.825102,0.81875
1024.824904,0.8585
1025.824705,0.8570875
1026.824567,0.8461375
1027.824368,0.865625
1028.82417,0.8814625
1029.824032,0.884625
1030.823833,0.8926125
1031.823634,0.9417125
1032.823576,0.9781875
1033.823377,1.0000625
1034.823179,1.0093
1035.823041,1.0541125
1036.822842,1.10375
1037.822643,1.1371375
1038.822505,1.1666875
1039.822307,1.1839875
1040.822108,1.175875
1041.82197,1.1915375
1042.821851,1.198225
1043.821652,1.17295
1044.821514,1.15325
1045.821316,1.1211125
1046.821117,1.06905
1047.820919,1.034875
1048.82078,1.009525
1049.820582,0.99725
1050.820383,0.9806
1051.820245,0.9808375
1052.820047,0.9826375
1053.819928,0.984625
1054.819789,0.982875
1055.819591,1.0041125
1056.819392,0.9829875
1057.819254,0.944225
1058.819056,0.939125
1059.818857,0.9287625
1060.818719,0.9325375
1061.81852,0.9190375
1062.818322,0.9134875
1063.818263,0.9059
1064.818065,0.9067375
1065.817866,0.9142625
1066.817728,0.916775
1067.817529,0.89955
1068.817331,0.9018625
1069.817193,0.8979875
1070.816994,0.8907875
1071.816795,0.8692
1072.816657,0.863975
1073.816538,0.84685
1074.81634,0.8449375
1075.816202,0.839725
1076.816003,0.836875
1077.815804,0.829625
1078.815666,0.8283375
1079.815468,0.8264125
1080.815269,0.831575
1081.815131,0.82755
1082.814932,0.8298125
1083.814734,0.8350125
1084.814675,0.831525
1085.814477,0.8346125
1086.814278,0.8261
1087.81414,0.822
1088.813941,0.8228125
1089.813743,0.8302625
1090.813605,0.82555
1091.813406,0.8210625
1092.813207,0.8255375
1093.813069,0.8303625
1094.81295,0.827475
1095.812752,0.838325
1096.812614,0.8324375
1097.812415,0.8398875
1098.812216,0.8430625
1099.812078,0.82645
1100.81188,0.8256125
1101.811681,0.8294125
1102.811543,0.837225
1103.811344,0.8353125
1104.811225,0.8331375
1105.811087,0.8365125
1106.810889,0.8346625
1107.81069,0.835525
1108.810552,0.8377
1109.810353,0.841
1110.810155,0.8529
1111.810017,0.8667625
1112.809818,0.8786125
1113.809619,0.89045
1114.809561,0.8904125
1115.809362,0.8826
1116.809164,0.896375
1117.809026,0.9033375
1118.808827,0.9125375
1119.808628,0.9243375
1120.80849,0.9220625
1121.808292,0.9343875
1122.808093,0.9296875
1123.807955,0.9235875
1124.807756,0.9195625
1125.807637,0.9192625
1126.807499,0.910975
1127.807301,0.90785
1128.807102,0.9172
1129.806964,0.9230625
1130.806765,0.887425
1131.806567,0.8835875
1132.806429,0.867025
1133.80623,0.874825
1134.806032,0.86385
1135.805973,0.869025
1136.805774,0.8659625
1137.805576,0.9032
1138.805438,0.924925
1139.805239,0.9380375
1140.805041,0.9382625
1141.804902,0.9532875
1142.804704,0.9538125
1143.804505,0.956325
1144.804367,0.9699125
1145.804248,0.972175
1146.80405,0.959425
1147.803911,0.940875
1148.803713,0.9407625
1149.803514,0.9600625
1150.803376,0.9683
1151.803178,0.9759375
1152.802979,0.9767625
1153.802841,0.962175
1154.802642,0.95095
1155.802444,0.9575
1156.802385,0.956175
1157.802187,0.9544125
1158.801988,0.9633625
1159.80185,0.9721625
1160.801651,0.97895
1161.801453,0.981575
1162.801315,1.010475
1163.801116,1.0331875
1164.800917,1.031
1165.800779,1.03255
1166.80066,1.0214625
1167.800462,1.0000625
1168.800324,1.0080375
1169.800125,1.0124
1170.799926,1.0164
1171.799788,1.0180875
1172.79959,1.0227625
1173.799391,1.03695
1174.799253,1.0430625
1175.799054,1.0385625
1176.798935,1.02925
1177.798737,1.032225
1178.798599,1.048475
1179.7984,1.0589875
1180.798201,1.070525
1181.798063,1.0902875
1182.797865,1.1307375
1183.797666,1.1462375
1184.797528,1.1684125
1185.797329,1.195125
1186.797131,1.21475
1187.797072,1.2385625
1188.796874,1.2472125
1189.796675,1.274225
1190.796537,1.2712625
1191.796338,1.2708625
1192.79614,1.2642
1193.796002,1.2701375
1194.795803,1.260225
1195.795605,1.233625
1196.795466,1.2198625
1197.795347,1.227
1198.795149,1.2418375
1199.795011,1.2614375
1200.794812,1.2887625
1201.794614,1.302325
1202.794475,1.314225
1203.794277,1.3094875
1204.794078,1.2892
1205.79394,1.288925
1206.793742,1.28805
1207.793623,1.2965375
1208.793484,1.271075
1209.793286,1.244425
1210.793087,1.2255875
1211.792949,1.1985
1212.792751,1.1905125
1213.792552,1.203
1214.792414,1.196075
1215.792215,1.20605
1216.792017,1.2157875
1217.791958,1.193025
1218.79176,1.1824125
1219.791561,1.1798625
1220.791423,1.1792625
1221.791224,1.193575
1222.791026,1.209
1223.790888,1.1960125
1224.790689,1.2026375
1225.79049,1.20085
1226.790352,1.2111125
1227.790154,1.2168
1228.790035,1.2211
1229.789897,1.2005
1230.789698,1.2049
1231.789499,1.22715
1232.789361,1.221775
1233.789163,1.24035
1234.788964,1.2454125
1235.788826,1.2468
1236.788627,1.2500375
1237.788429,1.259375
1238.78837,1.266575
1239.788172,1.2746
1240.787973,1.2744375
1241.787835,1.2731875
1242.787636,1.2768875
1243.787438,1.29235
1244.7873,1.28595
1245.787101,1.24325
1246.786902,1.212175
1247.786764,1.1614625
1248.786645,1.1354375
1249.786447,1.10295
1250.786309,1.0761375
1251.78611,1.0840625
1252.785911,1.09075
1253.785773,1.0811
1254.785575,1.0744
1255.785376,1.0719
1256.785238,1.1169625
1257.785039,1.1646125
1258.784841,1.1633625
1259.784782,1.1695875
1260.784584,1.1762625
1261.784385,1.1603875
1262.784247,1.1430875
1263.784048,1.1380875
1264.78385,1.1301625
1265.783712,1.1373875
1266.783513,1.12035
1267.783314,1.1110125
1268.783176,1.1280625
1269.783057,1.134725
1270.782859,1.12095
1271.782721,1.1321
1272.782522,1.131575
1273.782323,1.10865
1274.782185,1.1216375
1275.781987,1.1193125
1276.781788,1.09
1277.78165,1.09555
1278.781451,1.102625
1279.781332,1.0977625
1280.781194,1.083025
1281.780996,1.0732
1282.780797,1.08095
1283.780659,1.0693625
1284.78046,1.0608875
1285.780262,1.0655875
1286.780124,1.0555375
1287.779925,1.039525
1288.779727,1.0412375
1289.779588,1.0517625
1290.779469,1.051775
1291.779271,1.0623875
1292.779133,1.0586
1293.778934,1.0676
1294.778736,1.07535
1295.778597,1.081025
1296.778399,1.0697375
1297.7782,1.07235
1298.778062,1.0758
1299.777864,1.0855875
1300.777745,1.092425
1301.777606,1.091775
1302.777408,1.089975
1303.777209,1.088
1304.777071,1.0981875
1305.776873,1.10055
1306.776674,1.095925
1307.776475,1.0894
1308.776337,1.0922625
1309.776139,1.1011375
1310.77602,1.117175
1311.775882,1.15405
1312.775683,1.1731625
1313.775484,1.1983375
1314.775346,1.2145125
1315.775148,1.2331375
1316.774949,1.2463625
1317.774811,1.2547
1318.774612,1.2660875
1319.774414,1.290275
1320.774276,1.3163875
1321.774157,1.328875
1322.773958,1.3564
1323.77382,1.401575
1324.773621,1.4669
1325.773423,1.489275
1326.773285,1.48335
1327.773086,1.4581125
1328.772887,1.39415
1329.772749,1.3162875
1330.772551,1.2477875
1331.772432,1.187
1332.772294,1.168675
1333.772095,1.145975
1334.771896,1.1063625
1335.771758,1.0711375
1336.77156,1.0517625
1337.771361,1.045275
1338.771223,1.0507
1339.771024,1.0417
1340.770826,1.0338125
1341.770767,1.0543875
1342.770569,1.0711
1343.77037,1.0853625
1344.770232,1.0898
1345.770033,1.079825
1346.769835,1.06255
1347.769697,1.0668875
1348.769498,1.0803
1349.769299,1.0840125
1350.769161,1.079825
1351.769042,1.094175
1352.768844,1.119725
1353.768706,1.1372625
1354.768507,1.13625
1355.768308,1.1475125
1356.76817,1.1708625
1357.767972,1.1733
1358.767773,1.1773375
1359.767635,1.1785625
1360.767436,1.1605875
1361.767238,1.117975
1362.767179,1.1113125
1363.766981,1.1161375
1364.766782,1.18215
1365.766644,1.2488125
1366.766445,1.310475
1367.766247,1.3988125
1368.766109,1.518
1369.76591,1.6342125
1370.765712,1.70335
1371.765573,1.7902625
1372.765454,1.82505
1373.765256,1.8257875
1374.765118,1.8180625
1375.764919,1.80855
1376.764721,1.7865875
1377.764582,1.735575
1378.764384,1.6776875
1379.764185,1.6140125
1380.764047,1.54725
1381.763849,1.4990875
1382.76373,1.4458375
1383.763591,1.4021125
1384.763393,1.341625
1385.763194,1.3009375
1386.763056,1.2550875
1387.762858,1.2071625
1388.762659,1.180375
1389.762521,1.184325
1390.762322,1.1809
1391.762124,1.17095
1392.761986,1.1588
1393.761867,1.12865
1394.761668,1.140825
1395.76153,1.134275
1396.761331,1.1328625
1397.761133,1.115525
1398.760995,1.106325
1399.760796,1.09745
1400.760597,1.0814
1401.760459,1.0702375
1402.760261,1.066725
1403.760142,1.072525
1404.760004,1.067325
1405.759805,1.0534
1406.759606,1.063775
1407.759468,1.0469125
1408.75927,1.0287375
1409.759071,1.0409875
1410.758933,1.0434625
1411.758734,1.047975
1412.758536,1.0360875
1413.758477,1.0246125
1414.758279,1.017975
1415.75808,1.017875
1416.757942,1.012375
1417.757743,1.0229875
1418.757545,1.0362
1419.757407,1.05105
1420.757208,1.0539625
1421.757009,1.05505
1422.756871,1.034425
1423.756673,1.0408125
1424.756554,1.045725
1425.756416,1.044875
1426.756217,1.0535
1427.756018,1.064175
1428.75588,1.05865
1429.755682,1.0678625
1430.755483,1.1009125
1431.755345,1.1310875
1432.755146,1.185475
1433.754948,1.2513875
1434.754889,1.2779625
1435.754691,1.299775
1436.754492,1.320775
1437.754294,1.3553625
1438.754155,1.4105375
1439.753957,1.4331125
1440.753758,1.4513375
1441.75362,1.446475
1442.753422,1.45425
1443.753223,1.447075
1444.753164,1.447575
1445.752966,1.4782875
1446.752767,1.47545
1447.752629,1.47425
1448.752431,1.486875
1449.752232,1.5107875
1450.752094,1.5232125
1451.751895,1.5250625
1452.751697,1.5251
1453.751559,1.5251875
1454.75144,1.52345
1455.751241,1.51325
1456.751103,1.50845
1457.750904,1.5151375
1458.750706,1.5352375
1459.750568,1.5464625
1460.750369,1.573275
1461.75017,1.60705
1462.750032,1.64095
1463.749834,1.6571125
1464.749635,1.671225
1465.749577,1.688775
1466.749378,1.654175
1467.749179,1.6237875
1468.749041,1.5973
1469.748843,1.565375
1470.748644,1.5412
1471.748506,1.5431875
1472.748307,1.571825
1473.748109,1.6057
1474.747971,1.6593125
1475.747852,1.6942
1476.747653,1.6893375
1477.747515,1.6813375
1478.747316,1.6532125
1479.747118,1.60945
1480.74698,1.5855
1481.746781,1.551625
1482.746582,1.4980125
1483.746444,1.4473
1484.746246,1.3995125
1485.746127,1.3480625
1486.745989,1.309825
1487.74579,1.284725
1488.745591,1.22345
1489.745453,1.1686125
1490.745255,1.1592875
1491.745056,1.1454375
1492.744918,1.12185
1493.744719,1.099025
1494.744521,1.0737875
1495.744383,1.0487375
1496.744264,1.0268875
1497.744065,1.017675
1498.743927,1.004175
1499.743728,0.9930875
1500.74353,0.9883625
1501.743392,0.9937375
1502.743193,1.0014125
1503.742994,1.0059125
1504.742856,1.0166375
1505.742658,1.033875
1506.742539,1.0543625
1507.742401,1.108425
1508.742202,1.15085
1509.742003,1.194175
1510.741865,1.25005
1511.741667,1.3066125
1512.741468,1.329575
1513.74133,1.3600625
1514.741131,1.3875
1515.740933,1.402275
1516.740874,1.405075
1517.740676,1.405475
1518.740477,1.3864875
1519.740339,1.352975
1520.74014,1.3260875
1521.739942,1.29325
1522.739804,1.26415
1523.739605,1.247275
1524.739407,1.2589625
1525.739268,1.2576625
1526.73907,1.24795
1527.738951,1.251475
1528.738813,1.2533125
1529.738614,1.2724875
1530.738416,1.2791875
1531.738277,1.2966375
1532.738079,1.3088625
1533.73788,1.3321375
1534.737742,1.3548125
1535.737544,1.3890125
1536.737345,1.425475
1537.737286,1.4704
1538.737088,1.5212875
1539.736889,1.54305
1540.736751,1.5373
1541.736553,1.5313875
1542.736354,1.542525
1543.736216,1.5546625
1544.736017,1.552575
1545.735819,1.5484375
1546.735681,1.5240375
1547.735562,1.53065
1548.735363,1.5236
1549.735225,1.5347875
1550.735026,1.4893
1551.734828,1.44415
1552.73469,1.413325
1553.734491,1.384
1554.734292,1.3745875
1555.734154,1.3701875
1556.733956,1.3780375
1557.733837,1.4053875
1558.733699,1.427425
1559.7335,1.4429875
1560.733301,1.4706
1561.733163,1.469675
1562.732965,1.4445375
1563.732766,1.423275
1564.732567,1.382125
1565.732429,1.3303625
1566.732231,1.3079375
1567.732032,1.2945375
1568.731974,1.25915
1569.731775,1.22075
1570.731576,1.1728625
1571.731438,1.128825
1572.73124,1.1050875
1573.731041,1.105375
1574.730903,1.096375
1575.730704,1.09795
1576.730506,1.0909375
1577.730368,1.07435
1578.730249,1.039325
1579.73005,1.0328
1580.729912,1.020625
1581.729713,1.012725
1582.729515,1.00025
1583.729377,0.9943875
1584.729178,0.991675
1585.728979,1.0037375
1586.728841,1.00095
1587.728643,1.00745
1588.728524,1.0310125
1589.728386,1.0899
1590.728187,1.116775
1591.727988,1.116725
1592.72785,1.1154875
1593.727652,1.1246625
1594.727453,1.150375
1595.727315,1.2113875
1596.727116,1.3011
1597.726918,1.348175
1598.72678,1.3746125
1599.726661,1.3521875
1600.726462,1.303175
1601.726324,1.2587375
1602.726125,1.201825
1603.725927,1.136175
1604.725789,1.1004875
1605.72559,1.0872875
1606.725392,1.06295
1607.725253,1.0620875
1608.725055,1.071375
1609.724936,1.0645875
1610.724798,1.0947875
1611.724599,1.1283125
1612.724401,1.1590125
1613.724262,1.2342625
1614.724064,1.3112125
1615.723865,1.4198625
1616.723727,1.5319625
1617.723529,1.63615
1618.72333,1.7081625
1619.723271,1.7578375
1620.723073,1.77695
1621.722874,1.7795125
1622.722736,1.7507875
1623.722538,1.704375
1624.722339,1.62155
1625.722201,1.5404375
1626.722002,1.4742125
1627.721804,1.4313
1628.721666,1.455025
1629.721467,1.5052125
1630.721348,1.6061125
1631.72121,1.7108375
1632.721011,1.8118375
1633.720813,1.885075
1634.720675,1.9475
1635.720476,1.97915
1636.720277,1.991875
1637.720139,1.968925
1638.719941,1.8877
1639.719742,1.8203875
1640.719684,1.7586875
1641.719485,1.7093625
1642.719286,1.6873375
1643.719148,1.673125
1644.71895,1.658525
1645.718751,1.6603375
1646.718613,1.6578625
1647.718414,1.65665
1648.718216,1.699775
1649.718078,1.7429375
1650.717959,1.8146875
1651.71776,1.87915
1652.717622,1.9283625
1653.717423,1.9563
1654.717225,1.9504625
1655.717087,1.9258125
1656.716888,1.8882
1657.716689,1.8670625
1658.716551,1.835925
1659.716353,1.8054875
1660.716154,1.7759625
1661.716096,1.7405125
1662.715897,1.7251625
1663.715698,1.679925
1664.71556,1.6476
1665.715362,1.6153125
1666.715163,1.6036
1667.715025,1.604625
1668.714826,1.5889375
1669.714628,1.5741125
1670.71449,1.5466
1671.714371,1.4959875
1672.714172,1.45015
1673.714034,1.404075
1674.713835,1.3948625
1675.713637,1.3580625
1676.713499,1.33045
1677.7133,1.31645
1678.713102,1.3078
1679.712963,1.3171625
1680.712765,1.3161875
1681.712646,1.3067875
1682.712508,1.3105375
1683.712309,1.3383
1684.712111,1.3546
1685.711972,1.3458
1686.711774,1.3319375
1687.711575,1.312575
1688.711437,1.307925
1689.711239,1.3099
1690.71104,1.3065
1691.710981,1.292675
1692.710783,1.273575
1693.710584,1.23665
1694.710386,1.18725
1695.710248,1.15605
1696.710049,1.1249375
1697.70985,1.0913
1698.709712,1.063025
1699.709514,1.0466125
1700.709315,1.0401375
1701.709177,1.009875
1702.709058,0.9946875
1703.708859,0.9853125
1704.708721,0.9830375
1705.708523,0.9814375
1706.708324,0.9742625
1707.708186,0.9761
1708.707987,0.9698
1709.707789,0.9652625
1710.707651,0.9649
1711.707452,0.9623125
1712.707333,0.9649
1713.707195,0.9664125
1714.706996,0.961875
1715.706798,0.958125
1716.70666,0.9564125
1717.706461,0.9552125
1718.706262,0.954675
1719.706124,0.95435
1720.705926,0.9517
1721.705727,0.9536
1722.705669,0.9497125
1723.70547,0.9503
1724.705271,0.9472
1725.705133,0.94765
1726.704935,0.9461125
1727.704736,0.9454125
1728.704598,0.9435625
1729.704399,0.9419
1730.704201,0.94035
1731.704063,0.942625
1732.703864,0.9381125
1733.703745,0.9363
1734.703607,0.9348875
1735.703408,0.9363125
1736.70321,0.9378125
1737.703072,0.940975
1738.702873,0.937575
1739.702674,0.9382625
1740.702536,0.9362625
1741.702338,0.9345
1742.702139,0.93255
1743.702081,0.9337375
1744.701882,0.9326375
1745.701683,0.925175
1746.701545,0.9288875
1747.701347,0.930675
1748.701148,0.9307
1749.70101,0.9260125
1750.700811,0.92275
1751.700613,0.9270125
1752.700475,0.926425
1753.700356,0.921175
1754.700157,0.921675
1755.700019,0.914475
1756.69982,0.918125
1757.699622,0.9151
1758.699484,0.9166875
1759.699285,0.919775
1760.699087,0.9193625
1761.698948,0.9143625
1762.69875,0.9151375
1763.698551,0.9112
1764.698493,0.917775
1765.698294,0.9168375
1766.698096,0.9150375
1767.697957,0.9119875
1768.697759,0.907475
1769.69756,0.9077625
1770.697422,0.9075375
1771.697224,0.9091
1772.697025,0.9017375
1773.696887,0.9016125
1774.696768,0.8993875
1775.696569,0.8995125
1776.696431,0.898125
1777.696233,0.897875
1778.696034,0.89855
1779.695896,0.8943375
1780.695697,0.894075
1781.695499,0.8885375
1782.695361,0.8934
1783.695162,0.8931
1784.695043,0.8878875
1785.694905,0.8905625
1786.694706,0.88525
1787.694508,0.886525
1788.69437,0.885325
1789.694171,0.884175
1790.693972,0.8786125
1791.693834,0.8780625
1792.693636,0.881925
1793.693437,0.880875
1794.693379,0.88125
1795.69318,0.8705125
1796.692981,0.8760375
1797.692843,0.8816
1798.692645,0.872825
1799.692446,0.8734875
1800.692308,0.8789625
1801.692109,0.88155
1802.691911,0.8822125
1803.691773,0.8785
1804.691574,0.8745625
1805.691455,0.87725
1806.691317,0.868975
1807.691118,0.8656625
1808.69092,0.8668375
1809.690782,0.867725
1810.690583,0.8644625
1811.690384,0.863625
1812.690246,0.86245
1813.690048,0.8641
1814.689849,0.8649625
1815.689791,0.856
1816.689592,0.856
1817.689393,0.8588875
1818.689255,0.857625
1819.689057,0.8563
1820.688858,0.8637
1821.68872,0.85925
1822.688521,0.855625
1823.688323,0.8579625
1824.688124,0.857125
1825.688066,0.8589625
1826.687867,0.863
1827.687668,0.8641875
1828.68753,0.8673875
1829.687332,0.8722125
1830.687133,0.8717875
1831.686995,0.8741875
1832.686796,0.8778
1833.686598,0.8824
1834.68646,0.8866875
1835.686261,0.8866875
1836.686142,0.8914625
1837.686004,0.886225
1838.685805,0.8960125
1839.685607,0.9011375
1840.685469,0.9017625
1841.68527,0.907225
1842.685072,0.910825
1843.684933,0.918625
1844.684735,0.9197
1845.684536,0.9304375
1846.684478,0.9313125
1847.684279,0.935575
1848.684081,0.9497375
1849.683942,0.9858125
1850.683744,1.0218125
1851.683545,1.0578375
1852.683407,1.0875625
1853.683209,1.1344625
1854.68301,1.2163
1855.682872,1.254425
1856.682753,1.2379125
1857.682554,1.1977875
1858.682416,1.16935
1859.682218,1.1327375
1860.682019,1.099275
1861.681881,1.0785625
1862.681682,1.0518125
1863.681484,1.0320375
1864.681346,1.04625
1865.681147,1.060325
1866.680948,1.0579125
1867.68089,1.04655
1868.680691,1.0235375
1869.680493,1.01535
1870.680355,1.0293375
1871.680156,1.0228
1872.679957,1.019325
1873.679819,1.0164125
1874.679621,1.0438125
1875.679422,1.065925
1876.679284,1.08375
1877.679165,1.089575
1878.678966,1.1232625
1879.678828,1.1459875
1880.67863,1.138975
1881.678431,1.1389625
1882.678293,1.1373375
1883.678094,1.1106
1884.677896,1.067725
1885.677758,1.0524375
1886.677559,1.0904125
1887.67744,1.13095
1888.677302,1.1548375
1889.677103,1.144575
1890.676905,1.1250875
1891.676767,1.0911375
1892.676568,1.056325
1893.676369,1.033425
1894.676231,1.0123875
1895.676033,0.981175
1896.675834,0.9736125
1897.675776,0.9639875
1898.675577,0.965225
1899.675378,0.965875
1900.67524,0.9718125
1901.675042,0.9630875
1902.674843,0.9615625
1903.674705,0.9611125
1904.674506,0.9703
1905.674308,0.9653125
1906.67417,0.9633
1907.673971,0.9571625
1908.673852,0.95165
1909.673714,0.9436
1910.673515,0.9430375
1911.673317,0.9405125
1912.673179,0.935975
1913.67298,0.9476
1914.672782,0.9497
1915.672643,0.942825
1916.672445,0.9396
1917.672246,0.9379375
1918.672188,0.946725
1919.671989,0.937325
1920.671791,0.9333625
1921.671652,0.9328875
1922.671454,0.94165
1923.671255,0.9386125
1924.671117,0.933625
1925.670919,0.9308375
1926.67072,0.92455
1927.670582,0.91575
1928.670463,0.9019125
1929.670264,0.9095125
1930.670126,0.9018625
1931.669928,0.901875
1932.669729,0.8947
1933.669591,0.8950625
1934.669392,0.8914
1935.669194,0.88805
1936.669056,0.8873875
1937.668857,0.8838375
1938.668658,0.8818875
1939.6686,0.882025
1940.668401,0.8815875
1941.668203,0.88055
1942.668065,0.8789
1943.667866,0.878025
1944.667667,0.878
1945.667529,0.8742625
1946.667331,0.863025
1947.667132,0.8667
1948.666994,0.8652
1949.666875,0.860375
1950.666676,0.8602875
1951.666478,0.85645
1952.66634,0.859475
1953.666141,0.8517125
1954.665942,0.853225
1955.665804,0.851975
1956.665606,0.850125
1957.665407,0.8541
1958.665269,0.849675
1959.66515,0.848825
1960.664951,0.8464
1961.664813,0.851275
1962.664615,0.850025
1963.664416,0.85205
1964.664278,0.8476875
1965.664079,0.8440875
1966.663881,0.851425
1967.663743,0.8458125
1968.663544,0.851525
1969.663345,0.850175
1970.663287,0.854675
1971.663088,0.8552875
1972.66289,0.854575
1973.662752,0.858325
1974.662553,0.85225
1975.662354,0.8564375
1976.662216,0.8604375
1977.662018,0.854375
1978.661819,0.8538
1979.661681,0.8626125
1980.661562,0.86105
1981.661363,0.8632
1982.661225,0.87015
1983.661027,0.8684
1984.660828,0.8731125
1985.66069,0.8805
1986.660491,0.884925
1987.660293,0.8893125
1988.660155,0.9053
1989.659956,0.9157875
1990.659837,0.9129875
1991.659699,0.9228375
1992.6595,0.92595
1993.659302,0.91935
1994.659164,0.922375
1995.658965,0.9275875
1996.658767,0.92425
1997.658628,0.9269625
1998.65843,0.9283375
1999.658231,0.92545
2000.658173,0.9297625
2001.657974,0.9291
2002.657776,0.9321375
2003.657637,0.935175
2004.657439,0.9337375
2005.65724,0.9353875
2006.657102,0.93445
2007.656904,0.938625
2008.656705,0.941025
2009.656567,0.9395125
2010.656368,0.9335625
2011.656249,0.934525
2012.656111,0.9412875
2013.655913,0.9421
2014.655714,0.9439
2015.655576,0.948425
2016.655377,0.9492
2017.655179,0.9544625
2018.655041,0.9617875
2019.654842,0.9679375
2020.654643,0.9714875
2021.654585,0.9830125
2022.654386,1.0018125
2023.654188,1.027175
2024.65405,1.047975
2025.653851,1.0674125
2026.653652,1.0869125
2027.653514,1.12925
2028.653316,1.187625
2029.653117,1.2119625
2030.652979,1.2421
2031.65286,1.2625125
2032.652661,1.279175
2033.652523,1.3013875
2034.652325,1.3086875
2035.652126,1.318525
2036.651988,1.3252625
2037.651789,1.319325
2038.651591,1.326025
2039.651453,1.3473
2040.651254,1.37235
2041.651055,1.336325
2042.650997,1.30725
2043.650798,1.2842625
2044.6506,1.2966125
2045.650462,1.2905625
2046.650263,1.29145
2047.650064,1.2955
2048.649926,1.2913875
2049.649728,1.2526125
2050.649529,1.2139375
2051.649391,1.1917
2052.649272,1.1751375
2053.649073,1.1791875
2054.648935,1.174725
2055.648737,1.1662875
2056.648538,1.1673125
2057.6484,1.1647625
2058.648201,1.17065
2059.648003,1.17315
2060.647865,1.1816625
2061.647666,1.1781375
2062.647547,1.1833875
2063.647409,1.193525
2064.64721,1.2113
2065.647012,1.2279875
2066.646874,1.2480125
2067.646675,1.263825
2068.646476,1.2833625
2069.646338,1.30775
2070.64614,1.3245
2071.645941,1.3217875
2072.645803,1.314375
2073.645684,1.3247
2074.645485,1.3371875
2075.645347,1.3575
2076.645149,1.3768
2077.64495,1.3971125
2078.644812,1.4164875
2079.644613,1.4411625
2080.644415,1.4450625
2081.644216,1.4498625
2082.644078,1.4588625
2083.643959,1.4509375
2084.643761,1.448725
2085.643622,1.463625
2086.643424,1.459575
2087.643225,1.4625375
2088.643087,1.467625
2089.642889,1.466725
2090.64269,1.4541375
2091.642552,1.442475
2092.642353,1.4367625
2093.642234,1.4307125
2094.642096,1.431475
2095.641898,1.430475
2096.641699,1.4290375
2097.641561,1.420675
2098.641362,1.4117
2099.641164,1.3910875
2100.641026,1.37415
2101.640827,1.35275
2102.640628,1.3399125
2103.64049,1.3357125
2104.640371,1.32645
2105.640173,1.324125
2106.640035,1.3217
2107.639836,1.3173
2108.639637,1.3157625
2109.639499,1.3012125
2110.639301,1.2949875
2111.639102,1.2834125
2112.638964,1.2817375
2113.638765,1.276
2114.638646,1.2769125
2115.638508,1.2635875
2116.63831,1.2505875
2117.638111,1.238475
2118.637973,1.2379625
2119.637774,1.2259125
2120.637576,1.2095125
2121.637438,1.193925
2122.637239,1.1947875
2123.63704,1.189125
2124.636982,1.1922875
2125.636783,1.1924875
2126.636585,1.1928625
2127.636447,1.1697875
2128.636248,1.1577625
2129.636049,1.1452875
2130.635911,1.14845
2131.635713,1.1448875
2132.635514,1.1579
2133.635376,1.1531
2134.635257,1.14435
2135.635058,1.1325
2136.63492,1.1351125
2137.634722,1.1322375
2138.634523,1.1512875
2139.634385,1.16715
2140.634186,1.1800875
2141.633988,1.1763375
2142.63385,1.17435
2143.633651,1.1689
2144.633453,1.170125
2145.633394,1.1703
2146.633195,1.1788375
2147.632997,1.178275
2148.632859,1.1752875
2149.63266,1.1716875
2150.632462,1.170775
2151.632323,1.1786375
2152.632125,1.1702375
2153.631926,1.1708625
2154.631788,1.1780375
2155.631669,1.17105
2156.631471,1.1761375
2157.631332,1.182225
2158.631134,1.1830875
2159.630935,1.1872875
2160.630797,1.1822
2161.630599,1.18
2162.6304,1.1756875
2163.630262,1.1693375
2164.630063,1.1641375
2165.629944,1.1544
2166.629806,1.150525
2167.629608,1.1522625
2168.629409,1.157575
2169.629271,1.1486
2170.629072,1.122325
2171.628874,1.1117
2172.628736,1.0939125
2173.628537,1.0909875
2174.628338,1.07475
2175.6282,1.0618875
2176.628081,1.0381
2177.627883,1.0297
2178.627745,1.0095375
2179.627546,1.004625
2180.627347,0.9921625
2181.627209,0.9896625
2182.627011,0.9720875
2183.626812,0.9708875
2184.626674,0.950525
2185.626475,0.9413375
2186.626356,0.9274
2187.626218,0.9137375
2188.62602,0.9036875
2189.625821,0.8987125
2190.625683,0.8848125
2191.625484,0.8880125
2192.625286,0.8698625
2193.625148,0.8638625
2194.624949,0.8654125
2195.62475,0.861275
2196.624692,0.84975
2197.624493,0.8457375
2198.624295,0.843675
2199.624157,0.83805
2200.623958,0.8385
2201.623759,0.822
2202.623621,0.8229875
2203.623423,0.8163625
2204.623224,0.8006125
2205.623086,0.7858375
2206.622887,0.7869
2207.622768,0.7807625
2208.62263,0.7602625
2209.622432,0.7506625
2210.622233,0.7353625
2211.622034,0.7484875
2212.621896,0.7454625
2213.621698,0.7393375
2214.621499,0.741875
2215.621361,0.7499125
2216.621162,0.7585625
2217.621043,0.7793
2218.620905,0.798525
2219.620707,0.8247375
2220.620508,0.8487625
2221.62037,0.8794125
2222.620171,0.9169375
2223.619973,0.948075
2224.619835,0.9688625
2225.619636,0.992325
2226.619438,1.013475
2227.619379,1.031625
2228.61918,1.0484875
2229.618982,1.0653625
2230.618844,1.0813875
2231.618645,1.101325
2232.618447,1.112075
2233.618308,1.1197875
2234.61811,1.13995
2235.617911,1.1516125
2236.617773,1.1606
2237.617654,1.1785625
2238.617456,1.188475
2239.617317,1.2036
2240.617119,1.2147875
2241.61692,1.2257
2242.616782,1.2350125
2243.616584,1.2399125
2244.616385,1.25415
2245.616247,1.2613125
2246.616048,1.268175
2247.61585,1.27365
2248.615791,1.28065
2249.615593,1.28675
2250.615394,1.291125
2251.615256,1.29475
2252.615057,1.2985125
2253.614859,1.3003625
2254.614721,1.2990875
2255.614522,1.2986875
2256.614323,1.295675
2257.614185,1.2889875
2258.614066,1.2838
2259.613868,1.280925
